3066	x
1866	x^{2}
1443	2 x^{2}
701	\frac{\operatorname{sen}{\left(x \right)}}{x}
579	\sqrt{x}
536	\frac{1}{x}
481	2^{x}
480	3^{x}
480	5^{x}
439	\log_{10}\left(x\right)
423	\log_{5}\left(x\right)
422	\log_{3}\left(x\right)
422	\log_{2}\left(x\right)
387	e^{x} \operatorname{sen}{\left(x \right)}
385	\ln{\left(x \right)}
369	e^{x} \cos{\left(x \right)}
343	e^{x}
337	\frac{\ln{\left(x \right)}}{x}
288	4 \sqrt{x}
283	\frac{3}{x}
281	\cos{\left(x \right)}
280	3 \sqrt{x}
279	\frac{4}{x}
278	2 \sqrt{x}
275	5 \sqrt{x}
274	\frac{5}{x}
270	\frac{2}{x}
267	4^{x}
264	7^{x}
254	10^{x}
245	6^{x}
221	7 \sqrt{x}
217	8 \sqrt{x}
213	\tan{\left(x \right)}
202	9 \sqrt{x}
201	6 \sqrt{x}
198	\frac{e^{x}}{x^{2}}
190	\frac{7}{x}
190	3 \ln{\left(x \right)}
187	\frac{9}{x}
186	5 \ln{\left(x \right)}
186	\frac{e^{x}}{x^{3}}
182	\frac{8}{x}
180	\frac{x^{2}}{x + 7}
178	\frac{6}{x}
178	4 e^{x}
178	\frac{x^{3}}{x + 5}
176	\frac{e^{x}}{x}
176	2 \ln{\left(x \right)}
175	\frac{x^{3}}{x + 9}
175	x^{3}
174	6 \ln{\left(x \right)}
173	\frac{x^{3}}{x + 3}
173	\frac{x^{2}}{x + 8}
171	\frac{x^{2}}{x + 6}
171	\frac{x^{2}}{x + 2}
170	\frac{x^{3}}{x + 4}
170	6 e^{x}
169	\frac{x^{2}}{x + 4}
168	5 e^{x}
168	4 \ln{\left(x \right)}
168	8 e^{x} \cos{\left(x \right)}
167	x^{4}
166	2 e^{x} \cos{\left(x \right)}
166	9 \ln{\left(x \right)}
166	\frac{x^{3}}{x + 8}
165	6 e^{x} \cos{\left(x \right)}
165	2 e^{x}
164	\frac{x^{3}}{x + 1}
164	7 e^{x} \cos{\left(x \right)}
163	4 e^{x} \operatorname{sen}{\left(x \right)}
163	\frac{x^{2}}{x + 1}
162	9 e^{x} \cos{\left(x \right)}
162	8 \ln{\left(x \right)}
162	4 e^{x} \cos{\left(x \right)}
162	7 e^{x} \operatorname{sen}{\left(x \right)}
162	6 e^{x} \operatorname{sen}{\left(x \right)}
161	7 e^{x}
160	5 e^{x} \operatorname{sen}{\left(x \right)}
159	3 e^{x} \operatorname{sen}{\left(x \right)}
159	5 e^{x} \cos{\left(x \right)}
159	\frac{x^{3}}{x + 6}
159	3 e^{x} \cos{\left(x \right)}
158	7 \ln{\left(x \right)}
158	\frac{x^{2}}{x + 9}
157	\frac{x^{2}}{x + 3}
157	3 e^{x}
157	\frac{x^{3}}{x + 2}
157	9 e^{x} \operatorname{sen}{\left(x \right)}
156	\frac{x^{3}}{x + 7}
155	2 e^{x} \operatorname{sen}{\left(x \right)}
153	9 e^{x}
152	x^{5}
151	8 e^{x}
150	8 e^{x} \operatorname{sen}{\left(x \right)}
149	\frac{x^{2}}{x + 5}
149	2 \cos{\left(x \right)}
147	3 \cos{\left(x \right)}
145	4 \cos{\left(x \right)}
142	2 x^{4} + e^{x}
139	x^{4} e^{x}
134	6 x^{2} + e^{x}
133	3 x^{3} + e^{x}
129	x^{3} \ln{\left(x \right)}
129	9 \cos{\left(x \right)}
126	8 \cos{\left(x \right)}
125	x^{4} \ln{\left(x \right)}
125	2 x^{2} + e^{x}
125	7 \cos{\left(x \right)}
123	5 \cos{\left(x \right)}
123	4 x^{2} + e^{x}
122	6 \cos{\left(x \right)}
122	x^{2} e^{x}
121	3 x^{2} + e^{x}
121	6 x^{3} + e^{x}
120	5 x^{3} + e^{x}
120	x^{2} \ln{\left(x \right)}
119	5 x^{4} + e^{x}
116	x^{3} e^{x}
115	4 x^{4} + e^{x}
114	\operatorname{sen}{\left(x \right)}
114	3 \tan{\left(x \right)}
113	4 x^{3} + e^{x}
112	2 x^{3} + e^{x}
109	4 \tan{\left(x \right)}
107	5 x^{2} + e^{x}
105	3 x^{4} + e^{x}
104	2
104	5 \tan{\left(x \right)}
103	2 \tan{\left(x \right)}
103	8
103	8 \tan{\left(x \right)}
103	5
103	6 \tan{\left(x \right)}
95	9 \tan{\left(x \right)}
94	6 x^{4} + e^{x}
93	6
93	\frac{2 e^{x}}{x^{2}}
91	7
91	x^{4} \operatorname{sen}{\left(x \right)}
90	4
89	7 \tan{\left(x \right)}
89	\frac{\operatorname{sen}{\left(x \right)}}{x^{2}}
89	\frac{8 e^{x}}{x^{3}}
88	9
88	\frac{6 e^{x}}{x}
84	\frac{4 e^{x}}{x^{3}}
84	\frac{7 \ln{\left(x \right)}}{x^{2}}
83	\frac{9 \ln{\left(x \right)}}{x^{3}}
83	\frac{4 e^{x}}{x}
82	\frac{3 e^{x}}{x}
82	x^{2} \operatorname{sen}{\left(x \right)}
82	\frac{8 \ln{\left(x \right)}}{x^{2}}
82	\frac{4 \ln{\left(x \right)}}{x^{2}}
81	\frac{\ln{\left(x \right)}}{x^{3}}
81	\frac{2 \operatorname{sen}{\left(x \right)}}{x^{3}}
80	3 x
80	\frac{2 \ln{\left(x \right)}}{x^{3}}
80	8 x
79	3
79	\frac{5 \ln{\left(x \right)}}{x^{3}}
79	\frac{6 e^{x}}{x^{2}}
79	\frac{9 e^{x}}{x}
79	x^{3} \operatorname{sen}{\left(x \right)}
79	\frac{7 e^{x}}{x^{3}}
79	\frac{6 \ln{\left(x \right)}}{x^{2}}
79	\frac{5 e^{x}}{x^{3}}
78	\frac{7 e^{x}}{x^{2}}
78	\frac{x + 7}{x + 8}
78	\frac{7 e^{x}}{x}
78	\frac{6 \ln{\left(x \right)}}{x}
78	\frac{4 \operatorname{sen}{\left(x \right)}}{x^{3}}
77	\frac{4 \ln{\left(x \right)}}{x^{3}}
77	\frac{9 \ln{\left(x \right)}}{x^{2}}
77	7 x
77	\frac{x + 1}{x + 2}
77	\frac{5 \ln{\left(x \right)}}{x^{2}}
76	\frac{8 e^{x}}{x^{2}}
75	\frac{9 e^{x}}{x^{2}}
75	\frac{3 \ln{\left(x \right)}}{x}
75	\frac{5 \ln{\left(x \right)}}{x}
75	\frac{7 \ln{\left(x \right)}}{x^{3}}
75	\frac{2 e^{x}}{x^{3}}
74	\frac{2 \ln{\left(x \right)}}{x}
74	\frac{7 \operatorname{sen}{\left(x \right)}}{x^{2}}
74	\frac{4 \ln{\left(x \right)}}{x}
74	\frac{3 \operatorname{sen}{\left(x \right)}}{x}
74	\frac{7 \operatorname{sen}{\left(x \right)}}{x^{3}}
74	\frac{8 \operatorname{sen}{\left(x \right)}}{x}
73	\frac{8 \ln{\left(x \right)}}{x}
73	\frac{9 \operatorname{sen}{\left(x \right)}}{x}
73	\frac{8 \operatorname{sen}{\left(x \right)}}{x^{2}}
73	\frac{5 \operatorname{sen}{\left(x \right)}}{x^{3}}
72	\frac{\ln{\left(x \right)}}{x^{2}}
72	\frac{8 e^{x}}{x}
72	\frac{3 \ln{\left(x \right)}}{x^{2}}
72	\frac{5 e^{x}}{x}
72	\frac{6 \operatorname{sen}{\left(x \right)}}{x^{2}}
71	\frac{5 e^{x}}{x^{2}}
71	\frac{3 \ln{\left(x \right)}}{x^{3}}
71	\frac{x + 6}{x + 7}
70	\frac{5 \operatorname{sen}{\left(x \right)}}{x}
70	\frac{3 e^{x}}{x^{3}}
70	\frac{9 \ln{\left(x \right)}}{x}
70	\frac{4 \operatorname{sen}{\left(x \right)}}{x^{2}}
70	\frac{x + 3}{x + 4}
69	5 x
69	\frac{2 \operatorname{sen}{\left(x \right)}}{x}
69	\frac{x + 4}{x + 5}
69	\frac{9 \operatorname{sen}{\left(x \right)}}{x^{3}}
69	\frac{3 \operatorname{sen}{\left(x \right)}}{x^{2}}
68	\frac{6 \ln{\left(x \right)}}{x^{3}}
67	\frac{3 \operatorname{sen}{\left(x \right)}}{x^{3}}
67	7 x^{4} \operatorname{sen}{\left(x \right)}
66	\frac{2 \ln{\left(x \right)}}{x^{2}}
66	5 x^{3} \operatorname{sen}{\left(x \right)}
66	\frac{8 \operatorname{sen}{\left(x \right)}}{x^{3}}
66	\frac{4 \operatorname{sen}{\left(x \right)}}{x}
66	\frac{7 \ln{\left(x \right)}}{x}
66	\frac{6 \operatorname{sen}{\left(x \right)}}{x}
65	6 x
65	\frac{9 e^{x}}{x^{3}}
65	3 \operatorname{sen}{\left(x \right)}
64	2 x
64	6 x^{3} \operatorname{sen}{\left(x \right)}
64	\frac{5 \operatorname{sen}{\left(x \right)}}{x^{2}}
64	6 x^{2} e^{x}
63	5 x^{3} e^{x}
63	4 x^{3} \ln{\left(x \right)}
63	\frac{3 e^{x}}{x^{2}}
63	\frac{x + 5}{x + 6}
62	\frac{9 \operatorname{sen}{\left(x \right)}}{x^{2}}
62	\frac{2 e^{x}}{x}
62	5 x^{2} \ln{\left(x \right)}
62	\cos{\left(4 \ln{\left(x \right)} \right)}
62	3 x^{4} \operatorname{sen}{\left(x \right)}
62	\frac{8 \ln{\left(x \right)}}{x^{3}}
62	7 x^{2} e^{x}
62	\frac{4 e^{x}}{x^{2}}
61	\frac{7 \operatorname{sen}{\left(x \right)}}{x}
61	9 x^{2} e^{x}
61	6 x^{2} \ln{\left(x \right)}
61	4 x
61	\frac{2 \operatorname{sen}{\left(x \right)}}{x^{2}}
61	\frac{6 \operatorname{sen}{\left(x \right)}}{x^{3}}
60	5 x^{4} e^{x}
60	\cos{\left(2 \ln{\left(x \right)} \right)}
60	x^{5} + 4
60	x^{4} + 3
60	6 x^{4} e^{x}
60	2 x^{2} \ln{\left(x \right)}
60	9 x
60	4 x^{4} \ln{\left(x \right)}
60	8 x^{2} \operatorname{sen}{\left(x \right)}
60	x^{5} + 9
60	2 x^{2} \operatorname{sen}{\left(x \right)}
59	4 x^{4} \operatorname{sen}{\left(x \right)}
59	x^{3} + 4
59	6 x^{2} \operatorname{sen}{\left(x \right)}
58	x^{5} + 7
58	2 \operatorname{sen}{\left(x \right)}
58	x^{3} + 5
58	\frac{\operatorname{sen}{\left(x \right)}}{x^{3}}
58	x^{2} + 2
58	9 x^{3} e^{x}
58	x^{3} + 6
58	8 \operatorname{sen}{\left(x \right)}
58	3 x^{2} \ln{\left(x \right)}
57	7 x^{3} e^{x}
57	2 x^{3} e^{x}
57	3 x^{3} \operatorname{sen}{\left(x \right)}
56	x^{4} + 5
56	4 x^{2} \operatorname{sen}{\left(x \right)}
56	4 x^{2} \ln{\left(x \right)}
56	8 x^{2} e^{x}
56	3 x^{3} e^{x}
56	6 x^{4} \ln{\left(x \right)}
56	2 x^{3} \operatorname{sen}{\left(x \right)}
56	5 x^{2} \operatorname{sen}{\left(x \right)}
56	7 \operatorname{sen}{\left(x \right)}
56	3 x^{4} e^{x}
55	\frac{x + 9}{x + 4}
55	9 x^{4} \operatorname{sen}{\left(x \right)}
55	6 x^{3} \ln{\left(x \right)}
55	x^{2} + 8
55	\cos{\left(3 \ln{\left(x \right)} \right)}
55	3 x^{3} \ln{\left(x \right)}
55	9 x^{3} \ln{\left(x \right)}
55	\frac{x + 8}{x + 9}
54	\frac{6 e^{x}}{x^{3}}
54	\frac{x + 2}{x + 3}
54	8 x^{4} e^{x}
54	8 x^{4} \ln{\left(x \right)}
54	8 x^{3} e^{x}
54	x^{2} + 3
53	9 x^{3} \operatorname{sen}{\left(x \right)}
53	8 x^{3} \operatorname{sen}{\left(x \right)}
53	5 x^{4} \ln{\left(x \right)}
53	7 x^{3} \operatorname{sen}{\left(x \right)}
53	3 x^{2} e^{x}
53	8 x^{2} \ln{\left(x \right)}
52	5 \operatorname{sen}{\left(x \right)} + 6 \cos{\left(x \right)}
52	x^{3} + 8
52	5 x^{3} \ln{\left(x \right)}
52	x^{4} + 2
52	9 x^{2} \operatorname{sen}{\left(x \right)}
52	2 x^{4} \operatorname{sen}{\left(x \right)}
52	9 \operatorname{sen}{\left(x \right)}
52	2 x^{3} \ln{\left(x \right)}
52	x^{3} + 9
51	7 x^{3} \ln{\left(x \right)}
51	\ln{\left(x \right)}^{4}
51	2 x^{4} e^{x}
51	\cos{\left(5 \ln{\left(x \right)} \right)}
51	6 \operatorname{sen}{\left(x \right)}
51	3 x^{4} \ln{\left(x \right)}
51	5 \operatorname{sen}{\left(x \right)}
51	9 x^{2} \ln{\left(x \right)}
50	x^{2} + 4
50	\frac{x + 4}{x + 8}
50	7 x^{2} \operatorname{sen}{\left(x \right)}
50	4 \operatorname{sen}{\left(x \right)}
50	\frac{x + 2}{x + 6}
50	\frac{x + 5}{x + 3}
50	4 \operatorname{sen}{\left(x \right)} + 5 \cos{\left(x \right)}
49	6 \operatorname{sen}{\left(x \right)} + 3 \cos{\left(x \right)}
49	4 x^{3} e^{x}
49	9 x^{4} \ln{\left(x \right)}
49	4 x^{2} e^{x}
49	2 x^{2} e^{x}
48	8 x^{4} \operatorname{sen}{\left(x \right)}
48	x^{4} + 7
48	5 \operatorname{sen}{\left(x \right)} + 5 \cos{\left(x \right)}
48	4 \operatorname{sen}{\left(x \right)} + 4 \cos{\left(x \right)}
48	7 x^{2} \ln{\left(x \right)}
48	3 \operatorname{sen}{\left(x \right)} + 5 \cos{\left(x \right)}
48	x^{2} + 6
47	x^{2} + 9
47	x^{5} + 5
47	2 \operatorname{sen}{\left(x \right)} + 6 \cos{\left(x \right)}
47	6 \operatorname{sen}{\left(x \right)} + 2 \cos{\left(x \right)}
47	6 \operatorname{sen}{\left(x \right)} + 4 \cos{\left(x \right)}
47	x^{5} + 3
46	4 x^{3} \operatorname{sen}{\left(x \right)}
46	x^{3} + 2
46	2 \operatorname{sen}{\left(x \right)} + 2 \cos{\left(x \right)}
46	x^{5} + 2
46	x^{4} + 6
45	7 x^{4} \ln{\left(x \right)}
45	\frac{x + 2}{x + 7}
45	5 x^{2} e^{x}
45	2 x^{4} \ln{\left(x \right)}
45	2 \operatorname{sen}{\left(x \right)} + 3 \cos{\left(x \right)}
45	x^{4} + 9
45	3 \operatorname{sen}{\left(x \right)} + 3 \cos{\left(x \right)}
45	6 x^{4} \operatorname{sen}{\left(x \right)}
45	3 \operatorname{sen}{\left(x \right)} + 4 \cos{\left(x \right)}
44	9 x^{4} e^{x}
44	8 x^{3} \ln{\left(x \right)}
44	x^{4} + 8
43	\frac{x + 6}{x + 8}
43	3 x^{2} \operatorname{sen}{\left(x \right)}
43	\frac{x + 7}{x + 5}
43	4 \operatorname{sen}{\left(x \right)} + 2 \cos{\left(x \right)}
43	\ln{\left(x \right)}^{2}
43	4 x^{4} e^{x}
43	x^{4} + 4
43	\frac{x + 5}{x + 9}
42	\frac{x + 8}{x + 3}
42	x^{3} + 7
42	\frac{x + 7}{x + 9}
42	4 \operatorname{sen}{\left(x \right)} + 6 \cos{\left(x \right)}
42	\frac{x + 7}{x + 3}
42	\frac{x + 1}{x + 9}
41	5 x^{4} \operatorname{sen}{\left(x \right)}
41	5 \operatorname{sen}{\left(x \right)} + 3 \cos{\left(x \right)}
41	\frac{x + 8}{x + 5}
41	\frac{x + 9}{x + 1}
41	\frac{x + 3}{x + 5}
41	6 \operatorname{sen}{\left(x \right)} + 5 \cos{\left(x \right)}
41	\frac{x + 1}{x + 7}
41	3 \operatorname{sen}{\left(x \right)} + 2 \cos{\left(x \right)}
41	\frac{x + 6}{x + 2}
40	5 \cos{\left(5 \ln{\left(x \right)} \right)}
40	\ln{\left(x \right)}^{3}
40	\frac{x + 8}{x + 7}
40	x^{2} + 7
40	\frac{x + 3}{x + 1}
40	x^{2} + 5
40	\frac{x + 6}{x + 1}
39	2 \operatorname{sen}{\left(x \right)} + 4 \cos{\left(x \right)}
39	\frac{x + 8}{x + 2}
39	e^{5 \operatorname{sen}{\left(x \right)}}
39	\frac{x + 4}{x + 6}
39	\frac{x + 7}{x + 6}
39	5 \operatorname{sen}{\left(x \right)} + 4 \cos{\left(x \right)}
39	\frac{x + 9}{x + 2}
38	6 x^{3} e^{x}
38	4 \operatorname{sen}{\left(x \right)} + 3 \cos{\left(x \right)}
38	\frac{x + 2}{x + 9}
38	x^{3} e^{5 x}
38	x^{5} + 6
38	\frac{x + 8}{x + 6}
38	\frac{x + 2}{x + 1}
38	e^{3 \operatorname{sen}{\left(x \right)}}
37	\frac{x + 5}{x + 7}
37	\frac{x + 3}{x + 2}
37	\frac{x + 1}{x + 8}
37	7 x^{4} e^{x}
37	\operatorname{sen}^{5}{\left(x \right)}
37	\frac{x + 5}{x + 8}
37	\frac{x + 2}{x + 8}
37	\frac{x + 2}{x + 5}
36	6 \operatorname{sen}{\left(x \right)} + 6 \cos{\left(x \right)}
36	5 \operatorname{sen}{\left(x \right)} + 2 \cos{\left(x \right)}
36	\frac{x + 6}{x + 9}
36	\frac{x + 4}{x + 9}
36	\frac{x + 4}{x + 3}
36	3 \operatorname{sen}{\left(x \right)} + 6 \cos{\left(x \right)}
36	\frac{x + 8}{x + 1}
36	2 \operatorname{sen}{\left(x \right)} + 5 \cos{\left(x \right)}
35	\frac{x + 3}{x + 7}
35	\frac{\operatorname{sen}{\left(5 x \right)}}{x^{3}}
35	\frac{x + 3}{x + 6}
35	\frac{\operatorname{sen}{\left(4 x \right)}}{x^{2}}
35	\frac{\operatorname{sen}{\left(7 x \right)}}{x}
35	\frac{x + 1}{x + 3}
35	\frac{\operatorname{sen}{\left(3 x \right)}}{x^{2}}
35	\frac{x + 2}{x + 4}
34	x^{3} + 3
34	\frac{x + 7}{x + 2}
34	x^{4} e^{6 x}
34	x^{4} e^{8 x}
34	\frac{\operatorname{sen}{\left(8 x \right)}}{x^{3}}
34	4 \cos{\left(4 \ln{\left(x \right)} \right)}
34	\frac{x + 5}{x + 4}
34	\frac{x + 7}{x + 4}
34	\frac{x + 4}{x + 7}
34	\frac{x + 9}{x + 6}
33	\frac{x + 8}{x + 4}
33	\frac{x + 1}{x + 5}
33	5 \cos{\left(3 \ln{\left(x \right)} \right)}
33	x^{5} + 8
33	4 \cos{\left(2 \ln{\left(x \right)} \right)}
33	\frac{\operatorname{sen}{\left(6 x \right)}}{x^{3}}
33	\frac{x + 9}{x + 8}
32	e^{4 \operatorname{sen}{\left(x \right)}}
32	\frac{\operatorname{sen}{\left(2 x \right)}}{x}
32	5 \ln{\left(x \right)}^{2}
32	x^{3} e^{3 x}
32	4 \ln{\left(x \right)}^{4}
32	x^{2} e^{3 x}
32	\frac{x + 4}{x + 2}
32	2 \cos{\left(2 \ln{\left(x \right)} \right)}
32	x^{3} e^{9 x}
32	x^{2} e^{7 x}
32	\frac{\operatorname{sen}{\left(8 x \right)}}{x^{2}}
32	3 \cos{\left(3 \ln{\left(x \right)} \right)}
31	9 \ln{\left(x \right)}^{3}
31	\frac{x + 3}{x + 8}
31	\frac{x + 9}{x + 3}
31	\frac{x + 5}{x + 2}
31	\frac{x + 9}{x + 5}
30	\frac{\operatorname{sen}{\left(9 x \right)}}{x}
30	x^{2} e^{4 x}
30	\frac{x + 6}{x + 4}
30	x^{2} e^{2 x}
29	\frac{x + 6}{x + 3}
29	\frac{\operatorname{sen}{\left(4 x \right)}}{x}
29	\frac{\operatorname{sen}{\left(3 x \right)}}{x^{3}}
29	\frac{x + 1}{x + 4}
29	\frac{x + 9}{x + 10}
29	e^{2 \operatorname{sen}{\left(x \right)}}
29	x^{4} e^{9 x}
29	\operatorname{sen}^{4}{\left(x \right)}
29	\frac{\operatorname{sen}{\left(5 x \right)}}{x^{2}}
29	7 \ln{\left(x \right)}^{3}
28	\operatorname{sen}^{2}{\left(x \right)}
28	x^{4} e^{2 x}
28	3 \cos{\left(5 \ln{\left(x \right)} \right)}
28	x^{4} e^{7 x}
28	2 \cos{\left(3 \ln{\left(x \right)} \right)}
28	\frac{\operatorname{sen}{\left(6 x \right)}}{x}
28	3 \ln{\left(x \right)}^{3}
28	\frac{\operatorname{sen}{\left(7 x \right)}}{x^{3}}
28	\frac{x + 3}{x + 9}
27	\frac{x + 6}{x + 5}
27	\frac{\operatorname{sen}{\left(2 x \right)}}{x^{2}}
27	\frac{x + 9}{x + 7}
27	x^{3} e^{6 x}
27	\frac{x + 1}{x + 6}
27	2 \cos{\left(4 \ln{\left(x \right)} \right)}
27	\frac{\operatorname{sen}{\left(2 x \right)}}{x^{3}}
27	\frac{\operatorname{sen}{\left(8 x \right)}}{x}
27	8 \ln{\left(x \right)}^{4}
27	6 \ln{\left(x \right)}^{4}
27	\frac{\operatorname{sen}{\left(9 x \right)}}{x^{2}}
27	x^{3} e^{8 x}
26	3 \cos{\left(4 \ln{\left(x \right)} \right)}
26	2 e^{4 \operatorname{sen}{\left(x \right)}}
26	x^{4} e^{5 x}
26	\frac{\operatorname{sen}{\left(4 x \right)}}{x^{3}}
26	2 \cos{\left(5 \ln{\left(x \right)} \right)}
25	\operatorname{sen}^{3}{\left(x \right)}
25	\frac{\operatorname{sen}{\left(6 x \right)}}{x^{2}}
25	4 \cos{\left(5 \ln{\left(x \right)} \right)}
25	\frac{\operatorname{sen}{\left(7 x \right)}}{x^{2}}
24	5 e^{2 \operatorname{sen}{\left(x \right)}}
24	\frac{\operatorname{sen}{\left(9 x \right)}}{x^{3}}
24	6 \ln{\left(x \right)}^{2}
24	x^{2} e^{9 x}
24	\frac{x + 5}{x + 1}
24	\frac{x + 7}{x + 1}
24	\frac{x + 4}{x + 1}
24	3 \cos{\left(2 \ln{\left(x \right)} \right)}
24	x^{3} e^{7 x}
24	x^{3} e^{4 x}
24	\frac{\operatorname{sen}{\left(5 x \right)}}{x}
24	x^{2} e^{8 x}
24	2 \ln{\left(x \right)}^{4}
24	x^{3} e^{2 x}
24	3 \ln{\left(x \right)}^{2}
24	8 \ln{\left(x \right)}^{2}
24	5 \cos{\left(4 \ln{\left(x \right)} \right)}
23	8 \operatorname{sen}^{3}{\left(x \right)}
23	3 x^{3}
23	\frac{\operatorname{sen}{\left(3 x \right)}}{x}
23	x^{2} e^{6 x}
23	7 \ln{\left(x \right)}^{4}
23	2 \ln{\left(x \right)}^{3}
23	9 \ln{\left(x \right)}^{2}
22	4 \ln{\left(x \right)}^{3}
22	x^{4} e^{3 x}
22	4 \cos{\left(3 \ln{\left(x \right)} \right)}
22	4 e^{2 \operatorname{sen}{\left(x \right)}}
21	x^{2} e^{5 x}
21	5 \cos{\left(2 \ln{\left(x \right)} \right)}
21	x^{4} e^{4 x}
21	2 \ln{\left(x \right)}^{2}
21	5 \ln{\left(x \right)}^{3}
21	5 e^{3 \operatorname{sen}{\left(x \right)}}
20	6 \operatorname{sen}^{3}{\left(x \right)}
20	6 \operatorname{sen}^{5}{\left(x \right)}
20	2 e^{3 \operatorname{sen}{\left(x \right)}}
20	9 \operatorname{sen}^{2}{\left(x \right)}
20	8 x^{4}
20	e^{2 x^{2} + 9 x}
19	3 e^{2 \operatorname{sen}{\left(x \right)}}
19	3 e^{3 \operatorname{sen}{\left(x \right)}}
19	3 \operatorname{sen}^{3}{\left(x \right)}
19	5 \operatorname{sen}^{2}{\left(x \right)}
19	4 \operatorname{sen}^{3}{\left(x \right)}
19	9 x^{5}
19	e^{3 x^{2} + 3 x}
18	5 \operatorname{sen}^{4}{\left(x \right)}
18	\left(x^{3} + 6\right)^{4}
18	3 e^{5 \operatorname{sen}{\left(x \right)}}
18	2 \operatorname{sen}^{4}{\left(x \right)}
18	7 \ln{\left(x \right)}^{2}
18	9 \operatorname{sen}^{4}{\left(x \right)}
18	e^{4 x^{2} + 9 x}
18	5 e^{4 \operatorname{sen}{\left(x \right)}}
17	2 \operatorname{sen}^{2}{\left(x \right)}
17	e^{5 x^{2} + 8 x}
17	2 x^{3}
17	\left(x^{3} + 3\right)^{4}
17	4 x^{3}
17	e^{2 x^{2} + 7 x}
17	8 x^{2}
17	7 \operatorname{sen}^{3}{\left(x \right)}
17	3 e^{4 \operatorname{sen}{\left(x \right)}}
17	e^{5 x^{2} + 5 x}
17	2 e^{5 \operatorname{sen}{\left(x \right)}}
16	\left(x^{2} + 9\right)^{3}
16	\ln{\left(4 x^{2} + 7 \right)}
16	3 \operatorname{sen}^{2}{\left(x \right)}
16	e^{x^{2} + 5 x}
16	\left(x^{3} + 5\right)^{3}
16	8 \operatorname{sen}^{5}{\left(x \right)}
16	2 x^{3} + 3 x
16	4 \ln{\left(x \right)}^{2}
16	4 e^{5 \operatorname{sen}{\left(x \right)}}
16	3 \operatorname{sen}^{5}{\left(x \right)}
16	e^{5 x^{2} + 3 x}
16	e^{x^{2} + x}
16	e^{2 x^{2} + 4 x}
16	2 x^{4}
16	7 x^{4}
16	e^{4 x^{2} + 7 x}
16	e^{3 x^{2} + 4 x}
16	e^{4 x^{2} + 2 x}
16	6 x^{2}
16	4 x^{4}
15	\left(x^{3} + 8\right)^{4}
15	8 \ln{\left(x \right)}^{3}
15	e^{x^{2} + 6 x}
15	5 \ln{\left(x \right)}^{4}
15	4 e^{4 \operatorname{sen}{\left(x \right)}}
15	6 \ln{\left(x \right)}^{3}
15	9 \ln{\left(x \right)}^{4}
15	\left(x^{2} + 6\right)^{3}
15	4 e^{3 \operatorname{sen}{\left(x \right)}}
15	3 x^{5}
15	5 x^{5}
15	\left(x^{3} + 7\right)^{4}
15	\left(x^{3} + 9\right)^{2}
15	\left(x^{2} + 5\right)^{3}
15	e^{3 x^{2} + 9 x}
15	\sqrt{9 x^{2} + 8}
15	2 x^{5}
15	8 \operatorname{sen}^{4}{\left(x \right)}
15	5 \operatorname{sen}^{5}{\left(x \right)}
15	e^{3 x^{2} + 5 x}
15	\left(x^{2} + 8\right)^{2}
15	8 x^{5} + 9 x
15	5 e^{5 \operatorname{sen}{\left(x \right)}}
14	6 x^{3}
14	\left(x^{2} + 4\right)^{2}
14	\left(x^{2} + 7\right)^{3}
14	e^{3 x^{2} + 8 x}
14	\ln{\left(6 x^{2} + 6 \right)}
14	2 x^{2} + 9 x
14	4 x^{5}
14	e^{5 x^{2} + 2 x}
14	\left(x^{3} + 1\right)^{4}
14	\left(x^{3} + 4\right)^{2}
14	7 \operatorname{sen}^{5}{\left(x \right)}
14	e^{x^{2} + 4 x}
14	9 x^{2}
14	e^{2 x^{2} + 6 x}
14	6 x^{4} + 5 x
14	4 x^{5} + 8 x
14	4 x^{2}
14	e^{x^{2} + 3 x}
14	3 x^{2}
14	9 x^{3}
14	e^{5 x^{2} + 6 x}
14	4 \operatorname{sen}^{4}{\left(x \right)}
14	3 \ln{\left(x \right)}^{4}
13	\left(x^{3} + 1\right)^{2}
13	7 x^{4} + 8 x
13	6 x^{5} + 2 x
13	6 x^{4}
13	e^{3 x^{2} + 2 x}
13	\left(x^{2} + 2\right)^{2}
13	\left(x^{2} + 2\right)^{3}
13	e^{4 x^{2} + x}
13	\ln{\left(6 x + 7 \right)}
13	\ln{\left(3 x + 1 \right)}
13	4 x^{3} + 5 x
13	4 \operatorname{sen}^{5}{\left(x \right)}
13	7 x^{2} + 3 x
13	8 x^{4} + 3 x
13	5 x^{2} + 2 x
13	2 e^{2 \operatorname{sen}{\left(x \right)}}
13	7 \operatorname{sen}^{4}{\left(x \right)}
13	e^{x^{2} + 9 x}
13	5 x^{3} + 2 x
13	e^{5 x^{2} + x}
13	5 x^{4}
13	e^{x^{2} + 8 x}
12	3 x^{3} + 5 x
12	7 \operatorname{sen}^{2}{\left(x \right)}
12	3 x^{3} + 7 x
12	e^{2 x^{2} + 8 x}
12	3 x^{2} + 7 x
12	3 x^{4} + 9 x
12	7 x^{4} + 6 x
12	\left(x^{3} + 9\right)^{3}
12	\left(x^{2} + 3\right)^{4}
12	e^{x^{2} + 2 x}
12	5 x^{4} + 2 x
12	\left(x^{2} + 4\right)^{3}
12	7 x^{3}
12	\left(x^{2} + 4\right)^{4}
12	6 x^{5} + 5 x
12	\left(x^{2} + 6\right)^{2}
12	e^{4 x^{2} + 4 x}
12	6 \operatorname{sen}^{4}{\left(x \right)}
12	e^{2 x^{2} + 2 x}
12	e^{8 x + 1}
12	\sqrt{7 x^{2} + 6}
12	e^{3 x^{2} + 6 x}
12	\ln{\left(5 x^{2} + 9 \right)}
12	6 \operatorname{sen}^{2}{\left(x \right)}
11	e^{5 x^{2} + 7 x}
11	e^{4 x + 6}
11	5 x^{2} + 5 x
11	4 x^{4} + 2 x
11	7 x^{2}
11	7 x^{5} + 4 x
11	\sqrt{4 x^{2} + 7}
11	e^{4 x^{2} + 8 x}
11	\ln{\left(4 x + 7 \right)}
11	e^{6 x + 5}
11	\ln{\left(3 x + 8 \right)}
11	7 x^{3} + 8 x
11	\left(x^{3} + 2\right)^{4}
11	6 x^{2} + 5 x
11	\left(x^{2} + 8\right)^{3}
11	e^{3 x^{2} + 7 x}
11	\ln{\left(2 x^{2} + 3 \right)}
11	e^{9 x + 4}
11	8 x^{4} + 2 x
11	4 x^{5} + 2 x
11	e^{2 x + 7}
11	e^{6 x + 2}
11	2 x^{4} + 4 x
11	8 x^{4} + 7 x
11	\sqrt{8 x^{2} + 6}
11	\sqrt{6 x^{2} + 8}
11	e^{4 x^{2} + 5 x}
11	e^{2 x + 2}
11	5 x^{4} + 7 x
11	9 x^{4} + 2 x
11	\ln{\left(3 x^{2} + 4 \right)}
11	e^{3 x^{2} + x}
11	\ln{\left(6 x + 6 \right)}
11	e^{4 x^{2} + 3 x}
11	8 x^{3} + 5 x
11	4 x^{4} + 4 x
11	e^{2 x^{2} + x}
11	2 x^{5} + 2 x
11	2 x^{5} + 7 x
11	5 x^{2} + 9 x
11	7 x^{4} + 9 x
11	9 x^{3} + 4 x
11	\ln{\left(8 x^{2} + 3 \right)}
11	e^{3 x + 2}
11	9 x^{2} + 9 x
11	\sqrt{5 x^{2} + 7}
11	e^{2 x^{2} + 3 x}
11	6 x^{3} + 7 x
11	6 x^{5} + 4 x
11	2 \operatorname{sen}^{5}{\left(x \right)}
10	9 \operatorname{sen}^{5}{\left(x \right)}
10	9 x^{5} + 5 x
10	8 x^{2} + 5 x
10	\ln{\left(5 x + 4 \right)}
10	4 \operatorname{sen}^{2}{\left(x \right)}
10	\left(x^{2} + 9\right)^{4}
10	\sqrt{2 x^{2} + 3}
10	\sqrt{4 x^{2} + 6}
10	\left(x^{2} + 7\right)^{2}
10	4 x^{5} + 9 x
10	e^{7 x + 8}
10	9 x^{4}
10	8 x^{5} + 3 x
10	e^{x^{2} + 7 x}
10	\left(x^{3} + 3\right)^{2}
10	\left(x^{3} + 4\right)^{4}
10	5 x^{4} + 5 x
10	9 x^{5} + 4 x
10	9 x^{3} + 8 x
10	7 x^{2} + 2 x
10	3 x^{4} + 6 x
10	5 x^{4} + 9 x
10	\left(x^{3} + 6\right)^{3}
10	\ln{\left(3 x + 4 \right)}
10	\ln{\left(3 x^{2} + 3 \right)}
10	9 \operatorname{sen}^{3}{\left(x \right)}
10	\sqrt{6 x^{2} + 9}
10	e^{4 x + 5}
10	\ln{\left(9 x^{2} + 8 \right)}
10	3 x^{4}
10	\ln{\left(7 x^{2} + 5 \right)}
10	4 x^{5} + 7 x
10	6 x^{3} + 9 x
10	\ln{\left(6 x^{2} + 5 \right)}
10	e^{8 x + 2}
10	\ln{\left(9 x^{2} + 1 \right)}
10	\ln{\left(7 x^{2} + 9 \right)}
10	3 x^{2} + 2 x
10	6 x^{2} + 9 x
10	2 x^{4} + 2 x
10	4 x^{3} + 4 x
10	\ln{\left(5 x^{2} + 1 \right)}
10	\sqrt{x^{2} + 5}
10	8 x^{3}
10	7 x^{4} + 2 x
10	\ln{\left(8 x^{2} + 2 \right)}
10	\left(x^{3} + 7\right)^{3}
10	\ln{\left(4 x^{2} + 9 \right)}
10	\ln{\left(2 x + 4 \right)}
10	\ln{\left(7 x^{2} + 2 \right)}
10	\ln{\left(x^{2} + 3 \right)}
10	3 \operatorname{sen}^{4}{\left(x \right)}
10	\sqrt{x^{2} + 3}
10	7 x^{5} + 5 x
10	3 x^{5} + 3 x
10	e^{3 x + 3}
10	e^{2 x + 9}
10	\left(x^{2} + 1\right)^{4}
10	5 x^{5} + 7 x
10	4 x^{5} + 3 x
9	\ln{\left(9 x + 7 \right)}
9	5 x^{2} + 3 x
9	\left(x^{3} + 5\right)^{4}
9	\left(x^{2} + 1\right)^{3}
9	2 x^{3} + 8 x
9	\ln{\left(2 x + 9 \right)}
9	2 \operatorname{sen}^{3}{\left(x \right)}
9	\left(x^{2} + 6\right)^{4}
9	5 x^{4} + 3 x
9	e^{5 x + 5}
9	\sqrt{5 x^{2} + 5}
9	e^{4 x^{2} + 6 x}
9	9 x^{2} + 2 x
9	\sqrt{x^{2} + 7}
9	\left(x^{2} + 2\right)^{4}
9	\sqrt{3 x^{2} + 3}
9	\ln{\left(3 x^{2} + 5 \right)}
9	e^{5 x + 9}
9	\left(x^{3} + 2\right)^{2}
9	\left(x^{2} + 1\right)^{2}
9	\ln{\left(6 x + 9 \right)}
9	9 x^{2} + 6 x
9	4 x^{3} + 7 x
9	9 x^{4} + 6 x
9	e^{7 x + 3}
9	\left(x^{3} + 4\right)^{3}
9	2 x^{5} + 8 x
9	5 x^{3} + 3 x
9	9 x^{4} + 7 x
9	8 x^{2} + 2 x
9	9 x^{5} + 6 x
9	\left(x^{3} + 5\right)^{2}
9	9 x^{2} + 4 x
9	9 x^{4} + 8 x
9	\operatorname{sen}{\left(8 x + 8 \right)}
9	e^{9 x + 1}
9	e^{9 x + 8}
9	4 x^{4} + 5 x
9	7 x^{5}
9	\sqrt{7 x^{2} + 5}
9	e^{2 x + 6}
9	7 x^{3} + 6 x
9	2 x^{3} + 6 x
9	\left(x^{3} + 8\right)^{2}
9	e^{2 x^{2} + 5 x}
9	\sqrt{7 x^{2} + 1}
9	5 \operatorname{sen}^{3}{\left(x \right)}
9	\ln{\left(x^{2} + 2 \right)}
9	2 x^{5} + 9 x
9	\sqrt{8 x^{2} + 4}
9	6 x^{2} + 4 x
9	3 x^{4} + 8 x
9	8 x^{3} + 9 x
9	\ln{\left(9 x + 9 \right)}
9	6 x^{4} + 7 x
9	e^{7 x + 7}
9	\ln{\left(2 x^{2} + 1 \right)}
9	\ln{\left(4 x + 2 \right)}
9	\ln{\left(4 x + 6 \right)}
9	2 x^{2} + 5 x
9	\ln{\left(2 x + 5 \right)}
9	3 x^{3} + 2 x
9	\ln{\left(2 x^{2} + 4 \right)}
9	\ln{\left(5 x^{2} + 5 \right)}
9	8 x^{2} + 6 x
9	\ln{\left(x^{2} + 8 \right)}
9	8 x^{5}
9	\ln{\left(8 x + 1 \right)}
9	7 x^{3} + 4 x
9	5 x^{4} + 8 x
9	\ln{\left(6 x + 1 \right)}
9	8 x^{3} + 7 x
9	\ln{\left(7 x + 1 \right)}
9	\sqrt{6 x^{2} + 6}
9	\ln{\left(3 x + 6 \right)}
9	e^{9 x + 5}
9	4 x^{3} + 8 x
9	\ln{\left(7 x + 6 \right)}
9	\ln{\left(5 x^{2} + 6 \right)}
9	\sqrt{7 x^{2} + 2}
9	5 x^{3} + 8 x
9	\left(x^{3} + 7\right)^{2}
9	7 x^{5} + 9 x
9	2 x^{2} + 6 x
9	\ln{\left(2 x^{2} + 8 \right)}
9	e^{5 x + 8}
9	\ln{\left(7 x + 2 \right)}
9	5 x^{2} + 6 x
9	\operatorname{sen}{\left(3 x + 3 \right)}
9	\ln{\left(9 x^{2} + 4 \right)}
9	7 x^{5} + 8 x
9	\sqrt{x^{2} + 1}
9	\left(x^{3} + 6\right)^{2}
8	\ln{\left(9 x + 8 \right)}
8	e^{6 x + 8}
8	\sqrt{7 x^{2} + 9}
8	\sqrt{2 x^{2} + 9}
8	8 x^{2} + 9 x
8	2 x^{5} + 5 x
8	e^{2 x + 8}
8	9 x^{3} + 6 x
8	\sqrt{2 x^{2} + 4}
8	7 x^{3} + 7 x
8	e^{5 x^{2} + 4 x}
8	\operatorname{sen}{\left(7 x + 6 \right)}
8	4 x^{2} + 9 x
8	8 x^{5} + 8 x
8	\ln{\left(2 x^{2} + 9 \right)}
8	\ln{\left(5 x^{2} + 8 \right)}
8	9 x^{5} + 8 x
8	\ln{\left(8 x^{2} + 1 \right)}
8	\sqrt{4 x^{2} + 5}
8	\ln{\left(7 x^{2} + 6 \right)}
8	\ln{\left(6 x^{2} + 8 \right)}
8	e^{4 x + 1}
8	\sqrt{9 x^{2} + 1}
8	6 x^{5}
8	e^{3 x + 8}
8	\ln{\left(7 x^{2} + 8 \right)}
8	6 x^{5} + 6 x
8	6 x^{5} + 3 x
8	\ln{\left(x^{2} + 7 \right)}
8	\left(x^{2} + 5\right)^{4}
8	e^{6 x + 7}
8	5 x^{2} + 7 x
8	8 x^{5} + 5 x
8	e^{6 x + 6}
8	2 x^{2} + 2 x
8	\ln{\left(5 x + 5 \right)}
8	\operatorname{sen}{\left(4 x + 1 \right)}
8	\sqrt{8 x^{2} + 9}
8	\sqrt{8 x^{2} + 2}
8	6 x^{4} + 2 x
8	5 x^{2}
8	e^{4 x + 4}
8	8 x^{5} + 4 x
8	\left(x^{2} + 8\right)^{4}
8	4 x^{2} + 5 x
8	\ln{\left(4 x^{2} + 6 \right)}
8	\left(x^{2} + 5\right)^{2}
8	8 x^{4} + 6 x
8	e^{5 x^{2} + 9 x}
8	e^{9 x + 7}
8	e^{9 x + 6}
8	\ln{\left(4 x^{2} + 4 \right)}
8	\sqrt{5 x^{2} + 9}
8	\sqrt{4 x^{2} + 4}
8	3 x^{2} + 8 x
8	\sqrt{6 x^{2} + 4}
8	3 x^{4} + 4 x
8	2 x^{2} + 4 x
8	\sqrt{4 x^{2} + 3}
8	8 \operatorname{sen}^{2}{\left(x \right)}
8	\ln{\left(3 x^{2} + 7 \right)}
8	e^{5 x + 4}
8	9 x^{2} + 5 x
8	e^{4 x + 2}
8	\left(x^{2} + 7\right)^{4}
8	\sqrt{8 x^{2} + 8}
8	3 x^{3} + 4 x
8	\ln{\left(x^{2} + 6 \right)}
8	\left(x^{2} + 3\right)^{2}
8	\ln{\left(4 x^{2} + 2 \right)}
8	3 x^{5} + 7 x
8	5 x^{4} + 6 x
8	\sqrt{9 x^{2} + 2}
8	9 x^{3} + 7 x
8	\left(x^{2} + 3\right)^{3}
8	4 x^{5} + 4 x
8	\ln{\left(7 x^{2} + 1 \right)}
7	\sqrt{2 x^{2} + 5}
7	4 x^{4} + 3 x
7	\ln{\left(2 x^{2} + 5 \right)}
7	\ln{\left(2 x + 7 \right)}
7	6 x^{3} + 4 x
7	5 x^{5} + 5 x
7	\sqrt{3 x^{2} + 2}
7	e^{8 x + 8}
7	7 x^{4} + 3 x
7	\ln{\left(3 x + 7 \right)}
7	\ln{\left(2 x^{2} + 6 \right)}
7	\cos{\left(3 x + 5 \right)}
7	3 x^{5} + 9 x
7	\sqrt{2 x^{2} + 8}
7	7 x^{2} + 6 x
7	9 x^{3} + 3 x
7	e^{4 x + 8}
7	\ln{\left(x^{2} + 1 \right)}
7	\ln{\left(9 x + 6 \right)}
7	3 x^{2} + 5 x
7	\ln{\left(4 x + 4 \right)}
7	\ln{\left(6 x + 4 \right)}
7	8 x^{2} + 8 x
7	\left(x^{3} + 8\right)^{3}
7	\operatorname{sen}{\left(4 x + 6 \right)}
7	3 x^{2} + 4 x
7	4 x^{5} + 5 x
7	7 x^{3} + 5 x
7	\left(x^{3} + 9\right)^{4}
7	5 x^{5} + 3 x
7	\ln{\left(2 x^{2} + 2 \right)}
7	\cos{\left(7 x + 7 \right)}
7	e^{3 x + 1}
7	5 x^{3}
7	5 x^{5} + 4 x
7	8 x^{5} + 7 x
7	7 x^{2} + 5 x
7	\sqrt{2 x^{2} + 2}
7	\left(x^{3} + 1\right)^{3}
7	\ln{\left(9 x^{2} + 3 \right)}
7	\sqrt{5 x^{2} + 1}
7	4 x^{4} + 9 x
7	7 x^{5} + 2 x
7	6 x^{4} + 4 x
7	3 x^{4} + 3 x
7	\sqrt{3 x^{2} + 5}
7	7 x^{3} + 2 x
7	\sqrt{x^{2} + 2}
7	4 x^{4} + 7 x
7	9 x^{5} + 2 x
7	\sqrt{3 x^{2} + 4}
7	\ln{\left(4 x^{2} + 8 \right)}
7	6 x^{3} + 2 x
7	8 x^{3} + 6 x
7	9 x^{3} + 5 x
7	\ln{\left(6 x^{2} + 7 \right)}
7	e^{3 x + 7}
7	\operatorname{sen}{\left(6 x + 2 \right)}
7	2 x^{3} + 4 x
7	4 x^{3} + 3 x
7	\left(x^{2} + 9\right)^{2}
7	\ln{\left(9 x^{2} + 2 \right)}
7	\ln{\left(3 x^{2} + 1 \right)}
7	3 x^{5} + 2 x
7	\ln{\left(9 x^{2} + 5 \right)}
7	8 x^{3} + 3 x
7	2 x^{4} + 8 x
7	\sqrt{x^{2} + 8}
7	\ln{\left(8 x^{2} + 9 \right)}
7	6 x^{5} + 7 x
7	8 x^{4} + 5 x
7	7 x^{2} + 4 x
7	\sqrt{5 x^{2} + 2}
7	\sqrt{3 x^{2} + 7}
7	6 x^{4} + 9 x
7	\sqrt{9 x^{2} + 7}
7	\ln{\left(9 x + 1 \right)}
7	\ln{\left(x^{2} + 9 \right)}
7	\sqrt{3 x^{2} + 6}
7	3 x^{4} + 5 x
7	\ln{\left(8 x + 2 \right)}
7	7 x^{4} + 7 x
7	\sqrt{8 x^{2} + 1}
7	3 x^{3} + 8 x
7	6 x^{3} + 3 x
6	\ln{\left(8 x + 4 \right)}
6	3 x^{5} + 5 x
6	2 x^{3} + 7 x
6	\ln{\left(7 x + 5 \right)}
6	\ln{\left(5 x^{2} + 3 \right)}
6	2 x^{4} + 9 x
6	e^{7 x + 1}
6	7 x^{5} + 6 x
6	7 x^{2} + 8 x
6	\ln{\left(9 x + 3 \right)}
6	e^{6 x + 4}
6	3 x^{3} + 9 x
6	8 x^{4} + 4 x
6	\ln{\left(8 x^{2} + 4 \right)}
6	6 x^{2} + 6 x
6	\ln{\left(2 x + 1 \right)}
6	4 x^{3} + 6 x
6	5 x^{3} + 4 x
6	e^{8 x + 6}
6	\ln{\left(8 x + 9 \right)}
6	\ln{\left(8 x + 5 \right)}
6	e^{6 x + 3}
6	3 x^{4} + 2 x
6	\ln{\left(6 x^{2} + 1 \right)}
6	e^{7 x + 9}
6	3 x^{3} + 6 x
6	\sqrt{4 x^{2} + 1}
6	\ln{\left(4 x + 3 \right)}
6	\left(x^{3} + 2\right)^{3}
6	6 x^{5} + 9 x
6	5 x^{3} + 6 x
6	2 x^{4} + 7 x
6	\sqrt{6 x^{2} + 1}
6	e^{5 x + 6}
6	5 x^{3} + 9 x
6	\ln{\left(7 x + 3 \right)}
6	\ln{\left(6 x^{2} + 3 \right)}
6	2 x^{5} + 6 x
6	\ln{\left(7 x + 8 \right)}
6	\ln{\left(6 x^{2} + 4 \right)}
6	8 x^{4} + 9 x
6	e^{2 x + 3}
6	\cos{\left(5 x + 9 \right)}
6	3 x^{2} + 6 x
6	e^{3 x + 9}
6	\sqrt{7 x^{2} + 3}
6	9 x^{2} + 7 x
6	9 x^{5} + 9 x
6	\sqrt{4 x^{2} + 9}
6	7 x^{4} + 4 x
6	\cos{\left(8 x + 3 \right)}
6	8 x^{3} + 4 x
6	\cos{\left(4 x + 6 \right)}
6	e^{2 x + 1}
6	\sqrt{6 x^{2} + 7}
6	5 x^{2} + 4 x
6	\left(9 x + 1\right)^{4}
6	e^{8 x + 5}
6	9 x^{2} + 3 x
6	\cos{\left(4 x + 8 \right)}
6	e^{9 x + 9}
6	\left(x^{3} + 3\right)^{3}
6	\ln{\left(2 x + 3 \right)}
6	\ln{\left(4 x + 9 \right)}
6	2 x^{5} + 3 x
6	4 x^{2} + 8 x
6	7 x^{3} + 9 x
6	e^{7 x + 4}
6	2 x^{4} + 5 x
6	\ln{\left(3 x^{2} + 2 \right)}
6	\ln{\left(7 x + 9 \right)}
6	\ln{\left(8 x^{2} + 5 \right)}
6	4 x^{4} + 6 x
6	e^{3 x + 4}
6	9 x^{4} + 5 x
6	4 x^{2} + 3 x
6	\sqrt{9 x^{2} + 4}
6	\sqrt{x^{2} + 4}
6	5 x^{5} + 6 x
6	e^{9 x + 3}
5	\cos{\left(2 x + 9 \right)}
5	\ln{\left(3 x^{2} + 9 \right)}
5	5 x^{2} + 8 x
5	\sqrt{6 x^{2} + 2}
5	\ln{\left(4 x + 8 \right)}
5	\ln{\left(5 x + 7 \right)}
5	2 x^{3} + 5 x
5	\cos{\left(5 x + 6 \right)}
5	8 x^{2} + 3 x
5	\sqrt{7 x^{2} + 7}
5	6 x^{3} + 5 x
5	\operatorname{sen}{\left(9 x + 3 \right)}
5	\cos{\left(9 x + 7 \right)}
5	\operatorname{sen}{\left(9 x + 1 \right)}
5	6 x^{4} + 3 x
5	7 x^{2} + 9 x
5	\ln{\left(3 x^{2} + 8 \right)}
5	\sqrt{9 x^{2} + 3}
5	7 x^{5} + 7 x
5	5 x^{5} + 2 x
5	\ln{\left(9 x + 2 \right)}
5	4 x^{3} + 9 x
5	8 x^{3} - 9 x^{2} + 7
5	4 x^{4} + 8 x
5	5 x^{3} + 7 x
5	\sqrt{4 x^{2} + 2}
5	6 x^{2} + 3 x
5	\operatorname{sen}{\left(3 x + 9 \right)}
5	\ln{\left(9 x^{2} + 6 \right)}
5	\operatorname{sen}{\left(3 x + 8 \right)}
5	\sqrt{6 x^{2} + 3}
5	\operatorname{sen}{\left(8 x + 6 \right)}
5	7 x^{4} + 5 x
5	\operatorname{sen}{\left(2 x + 7 \right)}
5	\ln{\left(9 x^{2} + 7 \right)}
5	\sqrt{2 x^{2} + 1}
5	3 x^{5} + 6 x
5	\operatorname{sen}{\left(5 x + 2 \right)}
5	9 x^{5} + 7 x
5	\ln{\left(7 x^{2} + 7 \right)}
5	\ln{\left(8 x^{2} + 7 \right)}
5	\left(3 x + 8\right)^{2}
5	e^{2 x + 5}
5	\operatorname{sen}{\left(8 x + 3 \right)}
5	\operatorname{sen}{\left(8 x + 1 \right)}
5	2 x^{4} + 6 x
5	\left(3 x + 3\right)^{4}
5	\ln{\left(5 x + 3 \right)}
5	\operatorname{sen}{\left(6 x + 5 \right)}
5	8 x^{3} + 2 x
5	\ln{\left(5 x^{2} + 4 \right)}
5	e^{8 x + 7}
5	\sqrt{5 x^{2} + 4}
5	\left(7 x + 4\right)^{5}
5	\cos{\left(8 x + 2 \right)}
5	4 x^{2} + 4 x
5	6 x^{3} + 6 x
5	9 x^{3} + 9 x
5	\sqrt{2 x^{2} + 6}
5	\ln{\left(5 x + 6 \right)}
5	\operatorname{sen}{\left(3 x + 2 \right)}
5	3 x^{5} + 8 x
5	\ln{\left(6 x^{2} + 9 \right)}
5	6 x^{2} + 7 x
5	\cos{\left(6 x + 7 \right)}
5	9 x^{2} + 8 x
5	\sqrt{3 x^{2} + 1}
5	\cos{\left(5 x + 3 \right)}
5	3 x^{2} + 3 x
5	6 x^{4} - 4 x^{3} + 2
5	2 x^{2} + 7 x
5	5 x^{5} + 9 x
5	8 x^{4} + 8 x
5	8 x^{2} + 4 x
5	e^{5 x + 2}
5	\operatorname{sen}{\left(5 x + 4 \right)}
5	\ln{\left(7 x^{2} + 4 \right)}
5	\ln{\left(8 x + 6 \right)}
5	e^{5 x + 1}
5	7 x^{3} - 7 x^{2} + 4
5	\sqrt{3 x^{2} + 9}
5	\sqrt{5 x^{2} + 3}
5	\ln{\left(2 x^{2} + 7 \right)}
5	\operatorname{sen}{\left(9 x + 5 \right)}
5	\ln{\left(3 x + 2 \right)}
5	3 x^{2} + 9 x
5	\ln{\left(2 x + 8 \right)}
5	\ln{\left(6 x^{2} + 2 \right)}
5	\operatorname{sen}{\left(9 x + 8 \right)}
5	e^{7 x + 5}
5	e^{2 x + 4}
5	2 x^{4} + 3 x
5	8 x^{5} + 2 x
5	\operatorname{sen}{\left(4 x + 5 \right)}
5	\ln{\left(4 x^{2} + 5 \right)}
5	6 x^{4} + 6 x
5	\cos{\left(4 x + 1 \right)}
5	e^{4 x + 7}
5	\ln{\left(9 x + 5 \right)}
5	\operatorname{sen}{\left(5 x + 9 \right)}
5	\operatorname{sen}{\left(5 x + 1 \right)}
5	\left(2 x + 7\right)^{5}
5	7 x^{2} + 7 x
5	\ln{\left(7 x + 4 \right)}
5	\cos{\left(5 x + 5 \right)}
5	3 x^{4} + 7 x
5	6 x^{4} + 8 x
5	\ln{\left(5 x + 9 \right)}
5	3 x^{5} + 4 x
5	2 x^{2} + 3 x
5	\left(5 x + 4\right)^{4}
5	e^{8 x + 9}
4	\cos{\left(9 x + 3 \right)}
4	\sqrt{2 x^{2} + 7}
4	\cos{\left(6 x + 9 \right)}
4	\cos{\left(8 x + 1 \right)}
4	6 x^{3} - 2 x^{2} + 7
4	\operatorname{sen}{\left(6 x + 8 \right)}
4	\cos{\left(3 x + 2 \right)}
4	4 x^{2} + 7 x
4	\left(8 x + 3\right)^{4}
4	\operatorname{sen}{\left(4 x + 4 \right)}
4	\operatorname{sen}{\left(9 x + 7 \right)}
4	\ln{\left(5 x + 8 \right)}
4	9 x^{5} + 3 x
4	\ln{\left(5 x^{2} + 7 \right)}
4	4 x^{3} + 2 x
4	\ln{\left(3 x + 5 \right)}
4	8 x^{3} - 5 x^{2} + 8
4	\sqrt{6 x^{2} + 5}
4	e^{8 x + 3}
4	\sqrt{3 x^{2} + 8}
4	2 x^{3} - 4 x^{2} + 9
4	\operatorname{sen}{\left(6 x + 6 \right)}
4	\ln{\left(4 x^{2} + 1 \right)}
4	7 x^{3} - 8 x^{2} + 4
4	\cos{\left(7 x + 2 \right)}
4	\ln{\left(8 x^{2} + 6 \right)}
4	\ln{\left(6 x + 3 \right)}
4	\left(2 x + 1\right)^{3}
4	\operatorname{sen}{\left(2 x + 1 \right)}
4	\cos{\left(3 x + 3 \right)}
4	\operatorname{sen}{\left(5 x + 6 \right)}
4	\left(7 x + 3\right)^{5}
4	\operatorname{sen}{\left(2 x + 5 \right)}
4	2 x^{5} + 4 x
4	\ln{\left(4 x^{2} + 3 \right)}
4	2 x^{3} - 2 x^{2} + 5
4	3 x^{4} - 8 x^{2} + 5
4	\operatorname{sen}{\left(5 x + 8 \right)}
4	e^{8 x + 4}
4	3 x^{3} - 3 x^{2} + 2
4	2 x^{3} + 9 x
4	4 x^{2} + 6 x
4	\operatorname{sen}{\left(7 x + 7 \right)}
4	3 x^{4} - 3 x^{2} + 3
4	\cos{\left(3 x + 7 \right)}
4	e^{7 x + 2}
4	9 x^{4} + 9 x
4	\ln{\left(8 x^{2} + 8 \right)}
4	9 x^{4} + 4 x
4	4 x^{5} + 6 x
4	\ln{\left(3 x + 9 \right)}
4	2 x^{3} - 8 x^{2} + 3
4	\cos{\left(2 x + 7 \right)}
4	4 x^{3} - 9 x^{2} + 7
4	\cos{\left(7 x + 4 \right)}
4	4 x^{5} - 8 x^{3} + 5
4	\ln{\left(4 x + 1 \right)}
4	5 x^{5} + 8 x
4	4 x^{2} + 2 x
4	\cos{\left(8 x + 4 \right)}
4	\cos{\left(2 x + 6 \right)}
4	\ln{\left(8 x + 8 \right)}
4	6 x^{3} - 2 x^{2} + 3
4	\sqrt{5 x^{2} + 8}
4	9 x^{5} - 7 x^{2} + 5
4	\left(8 x + 2\right)^{5}
4	\operatorname{sen}{\left(4 x + 2 \right)}
4	\operatorname{sen}{\left(4 x + 7 \right)}
4	\ln{\left(6 x + 5 \right)}
4	\ln{\left(x^{2} + 4 \right)}
4	\ln{\left(6 x + 2 \right)}
4	e^{7 x + 6}
4	\operatorname{sen}{\left(7 x + 4 \right)}
4	5 x^{3} + 5 x
4	\operatorname{sen}{\left(6 x + 4 \right)}
4	\ln{\left(x^{2} + 5 \right)}
4	\sqrt{8 x^{2} + 7}
4	6 x^{5} + 8 x
4	9 x^{4} - 5 x^{3} + 2
4	\left(6 x + 6\right)^{2}
4	\cos{\left(3 x + 6 \right)}
4	8 x^{2} + 7 x
4	\cos{\left(9 x + 6 \right)}
4	\operatorname{sen}{\left(7 x + 5 \right)}
4	\left(7 x + 3\right)^{3}
4	\operatorname{sen}{\left(9 x + 2 \right)}
4	e^{6 x + 9}
4	\cos{\left(9 x + 8 \right)}
4	\left(9 x + 4\right)^{2}
4	\left(9 x + 5\right)^{2}
4	\left(5 x + 8\right)^{2}
4	7 x^{5} + 3 x
4	\ln{\left(8 x + 7 \right)}
4	\left(3 x + 6\right)^{2}
4	3 x^{3} - 5 x^{2} + 5
4	e^{5 x + 7}
4	7 x^{4} - 5 x^{3} + 2
4	\ln{\left(4 x + 5 \right)}
4	\operatorname{sen}{\left(3 x + 7 \right)}
4	\operatorname{sen}{\left(2 x + 4 \right)}
4	7 x^{3} + 3 x
3	\sqrt{7 x^{2} + 8}
3	\cos{\left(3 x + 8 \right)}
3	9 x^{3} - 8 x^{2} + 9
3	2 x^{4} - 5 x^{2} + 5
3	4 x^{3} - 2 x^{2} + 9
3	\left(6 x + 4\right)^{2}
3	3 x^{5} - 9 x^{3} + 5
3	\left(7 x + 7\right)^{5}
3	\cos{\left(6 x + 4 \right)}
3	9 x^{5} - 4 x^{2} + 8
3	3 x^{3} - 4 x^{2} + 5
3	9 x^{3} - 6 x^{2} + 3
3	5 x^{4} - 2 x^{3} + 2
3	5 x^{3} - 7 x^{2} + 8
3	5 x^{3} - 6 x^{2} + 6
3	\ln{\left(5 x + 1 \right)}
3	7 - 4 x^{3}
3	6 x^{2} + 2 x
3	\cos{\left(5 x + 4 \right)}
3	8 x^{4} - 8 x^{2} + 4
3	5 x^{3} - 5 x^{2} + 3
3	6 x^{2} + 8 x
3	3 x^{3} + 3 x
3	8 x^{4} - 6 x^{3} + 4
3	3 x^{4} - 6 x^{3} + 4
3	\operatorname{sen}{\left(7 x + 8 \right)}
3	4 - x^{3}
3	\left(7 x + 5\right)^{2}
3	\ln{\left(7 x^{2} + 3 \right)}
3	\cos{\left(9 x + 4 \right)}
3	\sqrt{9 x^{2} + 5}
3	\operatorname{sen}{\left(3 x + 5 \right)}
3	\cos{\left(5 x + 2 \right)}
3	\operatorname{sen}{\left(3 x + 6 \right)}
3	2 x^{5} - 8 x^{2} + 3
3	4 x^{3} - 4 x^{2} + 6
3	7 x^{4} - 7 x^{3} + 9
3	5 x^{3} - 9 x^{2} + 5
3	4 x^{3} - 5 x^{2} + 6
3	9 x^{3} - 2 x^{2} + 8
3	5 x^{5} - 9 x^{3} + 6
3	4 x^{4} + 5
3	6 x^{5} - 2 x^{3} + 5
3	\sqrt{8 x^{2} + 5}
3	4 x^{3} - 9 x^{2} + 9
3	3 x^{3} - 9 x^{2} + 3
3	\left(4 x + 9\right)^{5}
3	2 x^{5} - 9 x^{3} + 2
3	7 x^{3} - 8 x^{2} + 3
3	\cos{\left(8 x + 6 \right)}
3	7 x^{5} - 9 x^{3} + 8
3	3 x^{3} - 9 x^{2} + 5
3	5 x^{3} - 4 x^{2} + 5
3	7 x^{4} - 3 x^{3} + 8
3	9 x^{3} - 6 x^{2} + 5
3	\cos{\left(8 x + 8 \right)}
3	e^{3 x + 6}
3	5 x^{4} + 4 x
3	3 x^{3} - 4 x^{2} + 7
3	\operatorname{sen}{\left(8 x + 5 \right)}
3	9 x^{3} + 2 x
3	\cos{\left(9 x + 1 \right)}
3	4 x^{4} - 4 x^{3} + 2
3	9 x^{3} - 4 x^{2} + 3
3	9 x^{5} - 2 x^{2} + 2
3	5 x^{5} - 7 x^{2} + 7
3	\left(7 x + 8\right)^{4}
3	3 x^{3} - 7 x^{2} + 2
3	\cos{\left(4 x + 5 \right)}
3	5 x^{5} - 4 x^{3} + 2
3	7 x^{5} - 2 x^{3} + 9
3	7 x^{3} - 5 x^{2} + 7
3	\left(9 x + 1\right)^{3}
3	9 x^{4} - 2 x^{3} + 7
3	\left(6 x + 1\right)^{5}
3	6 x^{4} - 3 x^{2} + 5
3	\operatorname{sen}{\left(2 x + 6 \right)}
3	9 x^{4} - 2 x^{3} + 9
3	7 x^{3} - 9 x^{2} + 9
3	8 x^{5} - 5 x^{2} + 3
3	2 x^{3} - 9 x^{2} + 5
3	4 x^{3} - 5 x^{2} + 8
3	4 x^{4} - 4 x^{2} + 2
3	2 x^{4} - 8 x^{2} + 2
3	2 x^{3} + 7
3	6 x^{5} - 9 x^{2} + 5
3	\left(9 x + 8\right)^{3}
3	\cos{\left(3 x + 4 \right)}
3	4 x^{3} - 3 x^{2} + 6
3	\left(3 x + 9\right)^{3}
3	\left(6 x + 9\right)^{4}
3	\operatorname{sen}{\left(8 x + 7 \right)}
3	\ln{\left(5 x + 2 \right)}
3	\left(7 x + 6\right)^{4}
3	\left(2 x + 9\right)^{5}
3	2 - 3 x^{3}
3	3 x^{5} - 4 x^{2} + 6
3	\left(5 x + 1\right)^{4}
3	6 x^{4} - 6 x^{2} + 9
3	\left(2 x + 6\right)^{5}
3	4 x^{3} - 6 x^{2} + 2
3	2 x^{3} + 2 x
3	4 x^{4} - 2 x^{2} + 5
3	4 x^{3} - 9 x^{2} + 8
3	\cos{\left(2 x + 1 \right)}
3	\left(5 x + 6\right)^{3}
3	\sqrt{9 x^{2} + 6}
3	\operatorname{sen}{\left(7 x + 2 \right)}
3	\operatorname{sen}{\left(2 x + 2 \right)}
3	2 x^{2} + 8 x
3	\operatorname{sen}{\left(7 x + 3 \right)}
3	9 x^{4} + 3 x
3	5 x^{3} - 9 x^{2} + 9
3	5 x^{4} - 3 x^{2} + 3
3	3 x^{4} - 2 x^{3} + 3
3	\operatorname{sen}{\left(2 x + 9 \right)}
3	\left(5 x + 8\right)^{5}
3	\cos{\left(6 x + 6 \right)}
3	9 x^{4} - 2 x^{3} + 6
3	2 x^{4} - 4 x^{2} + 6
3	7 x^{4} - 8 x^{2} + 9
3	\sqrt{5 x^{2} + 6}
3	2 x^{3} - 5 x^{2} + 6
3	3 x^{5} - 9 x^{2} + 5
3	5 x^{4} - 4 x^{2} + 4
3	6 - 3 x^{3}
3	6 x^{3} - 4 x^{2} + 8
3	\ln{\left(9 x^{2} + 9 \right)}
3	e^{5 x + 3}
3	\left(5 x + 5\right)^{2}
3	7 x^{4} - 8 x^{2} + 7
3	\cos{\left(8 x + 7 \right)}
3	8 x^{5} - 4 x^{4} + 2
3	9 x^{4} - 6 x^{3} + 4
3	6 x^{5} - 3 x^{2} + 9
3	3 x^{3} - 4 x^{2} + 4
3	2 x^{3} - 6 x^{2} + 3
3	2 x^{4} + 4
3	\left(5 x + 7\right)^{5}
3	\cos{\left(6 x + 1 \right)}
3	\left(5 x + 4\right)^{3}
3	3 x^{3} - 9 x^{2} + 4
3	9 x^{3} - 2 x^{2} + 9
3	3 x^{4} - 3 x^{2} + 8
3	\left(4 x + 5\right)^{4}
3	3 x^{5} - 6 x^{4} + 5
3	4 x^{4} - 6 x^{2} + 7
3	9 x^{3} - 9 x^{2} + 7
3	5 x^{3} - 2 x^{2} + 2
3	\cos{\left(6 x + 2 \right)}
3	8 x^{3} - 9 x^{2} + 4
3	\operatorname{sen}{\left(9 x + 9 \right)}
3	\ln{\left(6 x + 8 \right)}
3	6 x^{4} - 6 x^{3} + 7
3	\cos{\left(2 x + 4 \right)}
3	\ln{\left(3 x + 3 \right)}
3	\cos{\left(6 x + 3 \right)}
3	\operatorname{sen}{\left(3 x + 1 \right)}
3	\ln{\left(7 x + 7 \right)}
3	8 x^{3} - 6 x^{2} + 3
3	\sqrt{x^{2} + 9}
3	5 x^{4} - 4 x^{3} + 2
3	\left(4 x + 5\right)^{2}
3	\cos{\left(2 x + 2 \right)}
3	\left(2 x + 4\right)^{3}
3	\left(4 x + 6\right)^{5}
3	\left(7 x + 9\right)^{2}
3	5 x^{3} - 8 x^{2} + 6
3	\sqrt{9 x^{2} + 9}
2	\operatorname{sen}{\left(2 x + 8 \right)}
2	3 x^{4} - 8 x^{3} + 2
2	2 x^{3} - 3 x^{2} + 7
2	\ln{\left(2 x + 2 \right)}
2	9 x^{4} - 6 x^{3} + 6
2	9 x^{3} - 8 x^{2} + 2
2	2 x^{4} - 4 x^{3} + 5
2	8 x^{4} - 2 x^{3} + 7
2	7 x^{4} - 8 x^{3} + 5
2	6 x^{5} - 8 x^{4} + 4
2	\left(3 x + 6\right)^{3}
2	\sqrt{8 x^{2} + 3}
2	4 x^{3} - 6 x^{2} + 7
2	5 x^{4} - 4 x^{2} + 6
2	9 x^{4} - 7 x^{3} + 8
2	8 x^{5} - 4 x^{2} + 6
2	\left(2 x + 6\right)^{4}
2	\cos{\left(2 x + 5 \right)}
2	3 x^{3} - 3 x^{2} + 3
2	4 x^{4} - 9 x^{3} + 8
2	4 x^{4} - 7 x^{3} + 5
2	7 x^{3} - 8 x^{2} + 7
2	\left(2 x + 3\right)^{5}
2	6 x^{4} - 6 x^{2} + 3
2	\left(2 x + 2\right)^{4}
2	\left(3 x + 1\right)^{2}
2	5 x^{5} - 8 x^{3} + 9
2	8 x^{3} + 8 x
2	8 x^{5} - 3 x^{2} + 7
2	2 x^{3} - 2 x^{2} + 2
2	3 x^{4} - 3 x^{2} + 6
2	2 x^{5} - 8 x^{2} + 5
2	4 x^{3} - 6 x^{2} + 9
2	3 x^{3} - 7 x^{2} + 5
2	\left(6 x + 2\right)^{4}
2	4 x^{3} - 5 x^{2} + 7
2	7 x^{5} - 5 x^{2} + 4
2	4 x^{4} - 2 x^{3} + 5
2	2 x^{4} - 8 x^{2} + 6
2	6 x^{4} - 7 x^{3} + 2
2	2 x^{5} - 4 x^{2} + 9
2	8 x^{5} - 3 x^{4} + 6
2	\left(2 x + 5\right)^{5}
2	8 x^{3} - 7 x^{2} + 2
2	5 x^{4} - 6 x^{3} + 4
2	4 x^{3} + 9
2	\left(7 x + 1\right)^{3}
2	7 x^{3} - 9 x^{2} + 2
2	8 x^{3} - 7 x^{2} + 8
2	5 x^{3} - 6 x^{2} + 3
2	3 x^{3} - 8 x^{2} + 5
2	4 x^{4} - 9 x^{2} + 8
2	3 x^{4} - 7 x^{2} + 5
2	9 x^{4} - 3 x^{3} + 6
2	8 x^{4} - 4 x^{2} + 7
2	6 x^{3} - 7 x^{2} + 9
2	5 x^{3} - 3 x^{2} + 2
2	8 x^{4} - 4 x^{2} + 9
2	9 x^{3} - 6 x^{2} + 7
2	\left(5 x + 3\right)^{3}
2	8 x^{5} - 8 x^{2} + 7
2	7 x^{4} - 3 x^{2} + 5
2	5 x^{5} - 3 x^{2} + 3
2	\left(8 x + 7\right)^{2}
2	3 x^{4} - 8 x^{2} + 7
2	3 x^{3} - 7 x^{2} + 8
2	6 x^{5} - 2 x^{3} + 6
2	9 x^{4} - 7 x^{2} + 4
2	6 x^{5} - 6 x^{3} + 3
2	\ln{\left(2 x + 6 \right)}
2	3 x^{3} - 5 x^{2} + 4
2	3 x^{3} - 2 x^{2} + 6
2	6 x^{4} - 6 x^{2} + 7
2	\left(4 x + 8\right)^{3}
2	8 x^{3} - 4 x^{2} + 7
2	\left(6 x + 5\right)^{4}
2	2 x^{4} - 7 x^{2} + 6
2	7 x^{5} - 5 x^{3} + 6
2	5 x^{3} - 6 x^{2} + 9
2	5 x^{5} - 5 x^{2} + 7
2	8 x^{5} - 2 x^{3} + 6
2	2 x^{5} - 8 x^{2} + 2
2	8 x^{5} + 6 x
2	7 x^{5} - 4 x^{2} + 9
2	9 x^{4} - 2 x^{2} + 6
2	9 x^{3} - 9 x^{2} + 8
2	2 x^{4} - 3 x^{3} + 3
2	3 x^{4} - 5 x^{2} + 6
2	8 x^{5} - 5 x^{3} + 8
2	4 x^{5} - 7 x^{2} + 8
2	9 x^{5} - 4 x^{2} + 3
2	6 x^{3} - 9 x^{2} + 7
2	4 x^{5} - 4 x^{3} + 3
2	4 x^{5} - 6 x^{3} + 5
2	5 x^{5} - 4 x^{4} + 9
2	4 x^{5} - 7 x^{2} + 9
2	\operatorname{sen}{\left(2 x + 3 \right)}
2	2 x^{4} - 5 x^{3} + 3
2	\left(2 x + 9\right)^{3}
2	7 x^{3} - 4 x^{2} + 9
2	9 x^{3} - 4 x^{2} + 4
2	7 x^{5} - 3 x^{2} + 7
2	4 x^{4} - 6 x^{3} + 8
2	2 x^{5} - 2 x^{2} + 4
2	\left(7 x + 1\right)^{2}
2	8 x^{3} - 4 x^{2} + 2
2	\left(7 x + 4\right)^{3}
2	8 x^{4} - 9 x^{2} + 3
2	4 x^{3} - 8 x^{2} + 9
2	7 x^{4} - 4 x^{2} + 9
2	2 x^{4} - 9 x^{3} + 8
2	\left(8 x + 6\right)^{3}
2	\left(3 x + 9\right)^{4}
2	6 x^{3} - 5 x^{2} + 4
2	2 x^{3} + 9
2	\left(4 x + 6\right)^{2}
2	5 x^{5} - 5 x^{4} + 4
2	- 3 x^{4} + 6 x^{3} + 5
2	6 x^{4} - 2 x^{3} + 9
2	7 x^{3} - 8 x^{2} + 9
2	6 x^{4} - 9 x^{3} + 3
2	\left(2 x + 2\right)^{2}
2	6 x^{4} - 2 x^{3} + 4
2	8 x^{4} - 9 x^{3} + 9
2	2 x^{4} - 7 x^{3} + 5
2	\left(7 x + 4\right)^{2}
2	4 x^{4} - 9 x^{3} + 6
2	4 x^{5} - 7 x^{4} + 5
2	9 x^{5} - 2 x^{3} + 9
2	2 x^{5} - 2 x^{2} + 6
2	\left(8 x + 3\right)^{3}
2	8 x^{4} - 6 x^{3} + 5
2	\left(7 x + 2\right)^{5}
2	4 x^{4} - 5 x^{3} + 6
2	4 x^{4} - 4 x^{2} + 5
2	8 x^{4} - 5 x^{3} + 7
2	4 x^{5} - 9 x^{2} + 5
2	9 - 4 x^{3}
2	\operatorname{sen}{\left(7 x + 1 \right)}
2	3 x^{3} - 6 x^{2} + 7
2	9 x^{4} - 3 x^{2} + 9
2	8 x^{5} - 5 x^{3} + 7
2	4 x^{4} - 2 x^{2} + 2
2	4 x^{3} - 9 x^{2} + 3
2	\left(5 x + 6\right)^{5}
2	8 x^{3} - 7 x^{2} + 6
2	5 x^{3} - 3 x^{2} + 7
2	4 x^{3} - 4 x^{2} + 3
2	8 x^{4} - 9 x^{2} + 5
2	2 x^{3} - 9 x^{2} + 3
2	9 x^{4} - 3 x^{2} + 2
2	7 x^{5} - 7 x^{4} + 2
2	7 x^{3} - 9 x^{2} + 7
2	\left(6 x + 5\right)^{3}
2	5 x^{4} - 7 x^{2} + 5
2	7 x^{3} - 3 x^{2} + 8
2	\left(6 x + 4\right)^{3}
2	3 x^{4} - 8 x^{2} + 4
2	9 x^{3} - 3 x^{2} + 5
2	4 x^{3} - 2 x^{2} + 3
2	\left(8 x + 9\right)^{3}
2	2 x^{5} - 5 x^{3} + 2
2	7 x^{3} - 6 x^{2} + 8
2	2 x^{3} - 8 x^{2} + 2
2	7 x^{5} - 8 x^{3} + 9
2	8 x^{3} - 3 x^{2} + 9
2	\left(6 x + 7\right)^{2}
2	4 x^{4} - 4 x^{2} + 7
2	\left(2 x + 3\right)^{4}
2	4 - 2 x^{3}
2	7 x^{4} - 8 x^{2} + 6
2	6 x^{4} - 6 x^{2} + 4
2	9 x^{3} - 9 x^{2} + 3
2	7 x^{3} - 6 x^{2} + 2
2	7 x^{4} - 6 x^{2} + 8
2	\left(8 x + 5\right)^{3}
2	4 x^{3} - 4 x^{2} + 2
2	2 x^{3} - 4 x^{2} + 8
2	4 x^{4} - 2 x^{3} + 8
2	\left(5 x + 9\right)^{5}
2	9 x^{5} - 2 x^{4} + 6
2	8 x^{5} - 9 x^{3} + 9
2	5 x^{4} - 9 x^{2} + 5
2	6 - x^{3}
2	2 x^{3} - 3 x^{2} + 3
2	9 x^{4} - 9 x^{3} + 2
2	3 x^{3} - 6 x^{2} + 2
2	5 x^{4} - 5 x^{3} + 6
2	5 x^{3} + 3
2	8 x^{5} - 5 x^{4} + 9
2	6 x^{5} - 3 x^{2} + 4
2	8 x^{3} - 3 x^{2} + 4
2	\left(2 x + 3\right)^{3}
2	7 x^{4} - 2 x^{3} + 6
2	\left(8 x + 8\right)^{3}
2	\left(7 x + 2\right)^{3}
2	\left(9 x + 2\right)^{4}
2	5 x^{3} - 7 x^{2} + 5
2	9 x^{4} - 3 x^{3} + 4
2	3 x^{3} - 5 x^{2} + 9
2	9 x^{5} - 7 x^{3} + 8
2	\left(8 x + 6\right)^{2}
2	3 x^{5} - 2 x^{3} + 9
2	9 x^{4} - 6 x^{3} + 9
2	\operatorname{sen}{\left(6 x + 9 \right)}
2	5 x^{3} - 6 x^{2} + 5
2	2 x^{5} - 4 x^{4} + 4
2	6 x^{3} - 8 x^{2} + 7
2	8 x^{4} - 9 x^{2} + 4
2	\operatorname{sen}{\left(4 x + 9 \right)}
2	\cos{\left(2 x + 8 \right)}
2	6 x^{4} - 4 x^{3} + 3
2	\left(8 x + 1\right)^{5}
2	2 x^{5} - 3 x^{2} + 7
2	9 x^{4} - 6 x^{3} + 5
2	\left(2 x + 3\right)^{2}
2	3 x^{3} - 9 x^{2} + 6
2	8 x^{5} - 4 x^{2} + 2
2	4 x^{3} - 3 x^{2} + 4
2	- 3 x^{4} + 5 x^{3} + 2
2	3 x^{5} - 5 x^{2} + 4
2	\cos{\left(8 x + 9 \right)}
2	8 x^{5} - 9 x^{3} + 5
2	6 x^{4} - 3 x^{3} + 4
2	6 x^{4} - 7 x^{3} + 5
2	5 x^{4} - 2 x^{3} + 7
2	8 x^{3} - 9 x^{2} + 5
2	2 x^{3} + 3
2	2 x^{4} - 6 x^{3} + 6
2	\operatorname{sen}{\left(5 x + 3 \right)}
2	7 x^{4} - 6 x^{3} + 4
2	\sqrt{7 x^{2} + 4}
2	4 x^{5} - 6 x^{4} + 8
2	\cos{\left(4 x + 9 \right)}
2	9 x^{4} - 8 x^{2} + 4
2	9 x^{5} - 9 x^{3} + 3
2	\ln{\left(9 x + 4 \right)}
2	5 x^{3} - 8 x^{2} + 8
2	6 - x^{4}
2	7 x^{5} - 3 x^{3} + 5
2	5 x^{5} - 2 x^{3} + 2
2	3 x^{4} - 5 x^{2} + 3
2	6 x^{5} - 7 x^{2} + 7
2	3 x^{3} - 7 x^{2} + 9
2	\ln{\left(3 x^{2} + 6 \right)}
2	2 x^{4} - 3 x^{2} + 2
2	8 x^{4} - 8 x^{3} + 3
2	\left(7 x + 7\right)^{2}
2	2 x^{4} - 2 x^{3} + 9
2	\left(2 x + 8\right)^{4}
2	2 x^{4} - 7 x^{2} + 4
2	9 x^{5} - 5 x^{2} + 9
2	4 x^{3} - 6 x^{2} + 6
2	4 x^{5} - 5 x^{3} + 6
2	\left(5 x + 2\right)^{5}
2	4 x^{3} - 7 x^{2} + 5
2	7 x^{3} - 8 x^{2} + 8
2	\left(3 x + 1\right)^{3}
2	5 x^{4} - 2 x^{3} + 3
2	6 x^{5} - 4 x^{3} + 9
2	3 x^{4} + 4
2	2 x^{4} - 6 x^{3} + 9
2	\left(6 x + 2\right)^{2}
2	6 x^{3} - 5 x^{2} + 3
2	\operatorname{sen}{\left(8 x + 4 \right)}
2	\left(6 x + 4\right)^{5}
2	3 x^{5} - 7 x^{4} + 7
2	6 x^{4} - 3 x^{3} + 9
2	8 x^{5} - 9 x^{2} + 4
2	5 x^{5} - 7 x^{3} + 3
2	6 x^{4} - 6 x^{2} + 6
2	4 x^{5} - 6 x^{3} + 8
2	\left(6 x + 8\right)^{3}
2	8 x^{3} - 9 x^{2} + 6
2	9 x^{4} - 4 x^{3} + 7
2	6 x^{4} - 5 x^{2} + 4
2	\left(2 x + 8\right)^{5}
2	9 x^{4} - 5 x^{3} + 7
2	\left(8 x + 2\right)^{4}
2	5 x^{5} - 4 x^{3} + 7
2	\operatorname{sen}{\left(8 x + 2 \right)}
2	\left(3 x + 1\right)^{5}
2	3 x^{4} - 4 x^{2} + 8
2	\cos{\left(6 x + 8 \right)}
2	7 x^{4} - 8 x^{3} + 9
2	\left(9 x + 8\right)^{5}
2	4 x^{3} - 2 x^{2} + 8
2	7 x^{3} - 5 x^{2} + 5
2	3 x^{4} - 6 x^{2} + 8
2	\left(8 x + 8\right)^{2}
2	\operatorname{sen}{\left(6 x + 7 \right)}
2	6 - 5 x^{3}
2	- 3 x^{4} + 4 x^{3} + 9
2	7 x^{4} - 2 x^{3} + 9
2	2 x^{4} - 7 x^{3} + 6
2	3 x^{5} - 6 x^{3} + 7
2	2 x^{4} - 2 x^{2} + 9
2	\cos{\left(4 x + 3 \right)}
2	5 x^{3} + 2
2	\left(3 x + 4\right)^{4}
2	\left(4 x + 1\right)^{5}
2	2 x^{3} - 3 x^{2} + 5
2	6 x^{5} - 7 x^{3} + 3
2	9 x^{5} - 7 x^{4} + 7
2	\left(8 x + 7\right)^{3}
2	6 x^{3} + 8 x
2	4 x^{3} - 7 x^{2} + 3
2	- 3 x^{4} + 8 x^{3} + 5
2	9 x^{5} - 8 x^{4} + 5
2	9 x^{3} - 8 x^{2} + 6
2	6 x^{5} - 8 x^{4} + 6
2	e^{3 x + 5}
2	4 x^{4} - 5 x^{3} + 2
2	8 x^{5} - 2 x^{3} + 2
2	\left(9 x + 7\right)^{3}
2	5 x^{3} - 7 x^{2} + 4
2	\left(3 x + 7\right)^{4}
2	3 x^{5} - 5 x^{3} + 4
2	5 x^{5} - 4 x^{3} + 4
2	8 x^{4} - 8 x^{3} + 5
2	e^{9 x + 2}
2	\left(5 x + 6\right)^{4}
2	9 x^{4} - 6 x^{2} + 7
2	\cos{\left(9 x + 2 \right)}
2	7 x^{5} - 3 x^{2} + 8
2	\cos{\left(4 x + 2 \right)}
2	6 x^{5} - 6 x^{4} + 3
2	9 x^{3} - 2 x^{2} + 6
2	2 x^{5} - 4 x^{2} + 3
2	9 x^{4} - 7 x^{2} + 6
2	2 x^{3} - 4 x^{2} + 2
2	\left(6 x + 3\right)^{3}
2	4 x^{3} - 9 x^{2} + 4
2	7 x^{3} - 7 x^{2} + 3
2	\left(8 x + 5\right)^{4}
2	9 x^{5} - 8 x^{3} + 7
2	8 x^{4} - 2 x^{2} + 6
2	8 x^{4} - 6 x^{2} + 2
2	\left(4 x + 4\right)^{4}
2	7 x^{4} - 9 x^{2} + 6
2	5 x^{4} - 6 x^{3} + 9
2	9 x^{4} - 7 x^{2} + 5
2	\ln{\left(8 x + 3 \right)}
2	3 x^{4} - 3 x^{3} + 8
2	5 x^{3} - 4 x^{2} + 3
2	e^{4 x + 3}
2	\cos{\left(7 x + 8 \right)}
2	\cos{\left(8 x + 5 \right)}
2	8 - 2 x^{3}
2	2 x^{3} + 6
2	\left(3 x + 7\right)^{2}
2	7 x^{5} - 3 x^{4} + 9
2	5 x^{3} - 6 x^{2} + 4
2	2 x^{5} - 5 x^{4} + 5
2	\left(8 x + 1\right)^{2}
2	3 x^{5} - 5 x^{2} + 9
2	7 x^{5} - 2 x^{4} + 8
2	3 x^{5} - 3 x^{2} + 6
2	e^{6 x + 1}
2	2 x^{3} - 7 x^{2} + 3
2	2 x^{4} - 3 x^{2} + 8
2	3 x^{5} - 2 x^{4} + 4
2	6 x^{3} - 6 x^{2} + 7
2	2 x^{3} - 6 x^{2} + 5
2	\left(4 x + 5\right)^{3}
2	\operatorname{sen}{\left(7 x + 9 \right)}
2	6 x^{4} - 2 x^{3} + 2
2	4 x^{3} - 7 x^{2} + 4
2	3 x^{3} - 8 x^{2} + 8
2	5 x^{5} - 4 x^{2} + 9
2	8 x^{4} - 8 x^{2} + 5
2	\left(6 x + 1\right)^{3}
2	\left(2 x + 2\right)^{3}
2	4 x^{4} - 4 x^{2} + 4
2	\ln{\left(5 x^{2} + 2 \right)}
2	9 x^{3} - 5 x^{2} + 5
2	7 x^{4} - 6 x^{3} + 3
2	3 x^{5} - 6 x^{2} + 3
2	\left(4 x + 1\right)^{2}
2	5 x^{4} - 9 x^{2} + 8
2	\left(4 x + 7\right)^{3}
2	9 x^{4} - 8 x^{3} + 4
2	7 x^{3} - 3 x^{2} + 3
2	\operatorname{sen}{\left(6 x + 3 \right)}
2	6 x^{5} - 3 x^{3} + 4
2	\operatorname{sen}{\left(8 x + 9 \right)}
2	2 x^{5} - 2 x^{4} + 9
2	\left(4 x + 5\right)^{5}
2	7 x^{3} - 5 x^{2} + 9
2	\left(3 x + 3\right)^{5}
2	7 x^{4} - 2 x^{2} + 8
2	8 x^{3} - 2 x^{2} + 8
2	9 x^{5} - 4 x^{2} + 6
2	6 x^{4} - 2 x^{3} + 6
2	- 7 x^{4} + 2 x^{3} + 3
2	3 - x^{3}
2	\cos{\left(7 x + 9 \right)}
2	3 x^{5} - 2 x^{3} + 4
2	\left(8 x + 4\right)^{2}
2	7 x^{3} - 9 x^{2} + 3
2	3 x^{5} - 4 x^{2} + 8
2	\left(6 x + 7\right)^{3}
2	6 x^{5} - 7 x^{2} + 6
2	\left(2 x + 7\right)^{3}
2	5 x^{4} - 7 x^{3} + 3
2	6 x^{5} - 3 x^{2} + 8
2	3 x^{4} + 5
2	8 x^{5} - 9 x^{4} + 7
2	5 x^{4} - 9 x^{3} + 8
2	8 - 4 x^{3}
2	\left(5 x + 9\right)^{4}
2	8 x^{3} - 6 x^{2} + 4
2	6 x^{5} - 8 x^{3} + 2
2	- 6 x^{4} + 5 x^{3} + 4
2	5 x^{4} - 6 x^{2} + 2
2	3 x^{4} - 4 x^{3} + 8
2	\sqrt{4 x^{2} + 8}
2	\left(9 x + 3\right)^{2}
2	6 x^{3} - 5 x^{2} + 6
2	6 x^{5} - 9 x^{3} + 4
2	8 x^{4} - 2 x^{2} + 4
2	5 x^{3} - 5 x^{2} + 9
2	\left(6 x + 2\right)^{3}
2	9 x^{5} - 7 x^{3} + 9
2	6 x^{5} - 5 x^{3} + 9
2	\left(2 x + 6\right)^{2}
2	2 x^{3} - 6 x^{2} + 9
2	8 x^{3} - 2 x^{2} + 2
2	8 x^{5} - 9 x^{3} + 6
2	\left(3 x + 2\right)^{3}
2	5 x^{5} - 8 x^{4} + 7
2	\left(9 x + 7\right)^{5}
2	8 x^{5} - 5 x^{4} + 6
2	\cos{\left(7 x + 3 \right)}
2	3 x^{5} - 6 x^{3} + 2
2	\cos{\left(9 x + 5 \right)}
2	\left(9 x + 9\right)^{4}
2	2 x^{4} - 2 x^{3} + 5
2	\left(2 x + 5\right)^{3}
2	4 x^{4} - 5 x^{2} + 2
2	\left(3 x + 5\right)^{2}
2	5 x^{3} - 7 x^{2} + 3
2	2 x^{5} - 3 x^{3} + 6
2	6 x^{3} - 6 x^{2} + 3
2	2 x^{5} - 5 x^{2} + 8
2	\left(3 x + 8\right)^{5}
2	\left(9 x + 9\right)^{2}
2	8 x^{3} - 5 x^{2} + 2
1	5 x^{4} - 9 x^{2} + 6
1	7 x^{5} - 7 x^{3} + 8
1	4 x^{5} - 2 x^{3} + 8
1	\left(2 x + 4\right)^{2}
1	4 x^{4} - 4 x^{3} + 5
1	6 x^{5} - 9 x^{4} + 5
1	6 x^{3} - 5 x^{2} + 5
1	4 x^{4} - 7 x^{3} + 3
1	8 x^{4} - 5 x^{3} + 6
1	9 x^{3} - 7 x^{2} + 2
1	\left(4 x + 4\right)^{2}
1	2 x^{4} - 4 x^{3} + 2
1	7 x^{5} - 4 x^{3} + 9
1	6 x^{5} - 7 x^{4} + 9
1	6 x^{4} - 7 x^{2} + 6
1	7 x^{3} - 7 x^{2} + 8
1	9 x^{4} - 3 x^{3} + 7
1	\left(4 x + 3\right)^{2}
1	5 x^{3} - 2 x^{2} + 8
1	5 x^{4} + 7
1	\left(8 x + 5\right)^{5}
1	5 x^{4} - 3 x^{3} + 9
1	7 x^{3} - 3 x^{2} + 7
1	9 x^{5} - 9 x^{2} + 9
1	7 x^{5} - 6 x^{3} + 3
1	8 x^{5} - 9 x^{4} + 9
1	6 x^{4} - 7 x^{3} + 3
1	5 x^{4} - 2 x^{3} + 6
1	9 x^{3} - 4 x^{2} + 8
1	7 x^{4} - 8 x^{2} + 2
1	6 x^{3} + 3
1	\left(4 x + 2\right)^{5}
1	6 - 2 x^{4}
1	2 - 6 x^{3}
1	3 x^{4} - 4 x^{2} + 3
1	8 x^{5} - 8 x^{2} + 5
1	9 x^{3} - 3 x^{2} + 9
1	9 - 4 x^{4}
1	3 x^{3} - 5 x^{2} + 8
1	9 x^{5} - 8 x^{3} + 6
1	8 x^{5} - 9 x^{2} + 8
1	4 x^{4} - 6 x^{3} + 5
1	3 x^{5} - 9 x^{3} + 3
1	\left(5 x + 9\right)^{3}
1	- 7 x^{4} + 8 x^{3} + 9
1	5 x^{4} - 5 x^{3} + 5
1	2 x^{3} - 5 x^{2} + 4
1	6 x^{4} - 2 x^{3} + 7
1	6 x^{5} - 5 x^{2} + 6
1	9 x^{3} - 2 x^{2} + 3
1	9 x^{5} - 2 x^{2} + 8
1	7 x^{5} - 5 x^{3} + 9
1	\left(5 x + 2\right)^{4}
1	7 x^{5} - 7 x^{3} + 6
1	6 x^{5} - 7 x^{2} + 5
1	6 x^{5} - 8 x^{4} + 8
1	5 x^{4} - 6 x^{3} + 7
1	7 x^{5} - 2 x^{4} + 2
1	4 x^{4} - 6 x^{3} + 3
1	4 x^{3} - 6 x^{2} + 8
1	5 x^{4} - 9 x^{3} + 2
1	7 x^{3} - 7 x^{2} + 6
1	5 x^{4} - 7 x^{3} + 8
1	7 x^{4} - 8 x^{3} + 3
1	4 x^{3} - 8 x^{2} + 8
1	3 x^{4} - 6 x^{3} + 8
1	\left(4 x + 3\right)^{4}
1	2 x^{4} - 2 x^{2} + 7
1	9 x^{4} - 2 x^{2} + 8
1	5 x^{5} - 6 x^{3} + 9
1	\left(2 x + 8\right)^{3}
1	7 x^{3} - 9 x^{2} + 8
1	6 x^{4} - 8 x^{2} + 3
1	4 x^{5} - 5 x^{2} + 9
1	\cos{\left(4 x + 4 \right)}
1	6 x^{4} - 2 x^{2} + 3
1	6 x^{4} - 2 x^{2} + 2
1	- 3 x^{4} + 5 x^{3} + 3
1	9 x^{5} - 2 x^{4} + 4
1	5 x^{5} - 5 x^{2} + 8
1	2 x^{4} - 9 x^{2} + 5
1	9 - x^{4}
1	4 x^{5} - 6 x^{4} + 5
1	9 x^{5} - 3 x^{3} + 4
1	9 x^{5} - 2 x^{2} + 7
1	\left(4 x + 9\right)^{3}
1	5 x^{3} - 6 x^{2} + 7
1	\left(4 x + 6\right)^{4}
1	7 x^{4} - 3 x^{2} + 2
1	6 x^{5} - 4 x^{3} + 6
1	4 x^{4} + 8
1	\left(8 x + 4\right)^{3}
1	9 x^{3} - 5 x^{2} + 6
1	3 x^{5} - 7 x^{3} + 6
1	3 x^{4} - 4 x^{3} + 7
1	7 x^{3} - 6 x^{2} + 5
1	2 x^{3} - 5 x^{2} + 5
1	3 x^{5} - 2 x^{4} + 9
1	2 x^{5} - 9 x^{3} + 3
1	6 x^{3} - 4 x^{2} + 7
1	\left(6 x + 9\right)^{3}
1	4 x^{5} - 5 x^{4} + 2
1	4 x^{5} - 9 x^{4} + 7
1	4 x^{5} - 7 x^{4} + 3
1	3 x^{3} - 9 x^{2} + 2
1	7 x^{3} - 6 x^{2} + 9
1	7 x^{4} - 5 x^{3} + 7
1	\left(6 x + 7\right)^{4}
1	8 x^{4} - 4 x^{2} + 4
1	4 x^{4} - 2 x^{3} + 4
1	4 x^{3} - 8 x^{2} + 4
1	- 5 x^{4} + 2 x^{3} + 8
1	9 x^{5} - 2 x^{3} + 3
1	6 x^{4} - 6 x^{3} + 6
1	7 x^{4} - 9 x^{2} + 3
1	8 x^{3} - 3 x^{2} + 8
1	5 x^{5} - 6 x^{4} + 9
1	9 x^{4} - 9 x^{3} + 6
1	3 x^{5} - 8 x^{3} + 5
1	2 x^{4} - 8 x^{2} + 9
1	8 x^{4} - 3 x^{3} + 3
1	8 x^{4} - 3 x^{3} + 2
1	\left(9 x + 6\right)^{4}
1	\cos{\left(5 x + 8 \right)}
1	- 2 x^{4} + 4 x^{3} + 6
1	7 x^{3} - 3 x^{2} + 9
1	6 x^{5} - 8 x^{3} + 7
1	2 x^{4} - 8 x^{2} + 8
1	4 x^{3} - 7 x^{2} + 9
1	9 x^{3} - 5 x^{2} + 2
1	\left(6 x + 4\right)^{4}
1	4 x^{3} - 4 x^{2} + 4
1	2 x^{4} - 9 x^{3} + 7
1	4 x^{5} - 4 x^{2} + 2
1	6 x^{4} - 3 x^{3} + 3
1	8 x^{3} - 6 x^{2} + 2
1	2 x^{5} - 5 x^{4} + 8
1	7 x^{5} - 4 x^{4} + 4
1	4 x^{4} - 6 x^{2} + 9
1	8 x^{5} - 7 x^{2} + 3
1	6 x^{3} - 3 x^{2} + 6
1	5 x^{5} - 5 x^{4} + 7
1	2 x^{3} - 9 x^{2} + 9
1	\left(4 x + 9\right)^{4}
1	8 x^{4} - 7 x^{2} + 9
1	6 x^{4} - 8 x^{2} + 7
1	4 - 4 x^{4}
1	8 x^{3} - 2 x^{2} + 9
1	9 x^{5} - 7 x^{2} + 4
1	3 x^{4} - 7 x^{3} + 7
1	4 x^{4} - 7 x^{2} + 9
1	7 x^{4} - 9 x^{3} + 3
1	7 x^{5} - 7 x^{2} + 6
1	5 x^{5} - 6 x^{3} + 8
1	8 x^{3} - 2 x^{2} + 3
1	5 x^{4} - 5 x^{2} + 7
1	7 x^{5} - 2 x^{3} + 7
1	4 x^{5} - 6 x^{2} + 8
1	5 - x^{4}
1	6 x^{4} - 2 x^{2} + 9
1	\left(9 x + 2\right)^{2}
1	7 x^{4} - 3 x^{2} + 3
1	\left(9 x + 8\right)^{2}
1	4 x^{5} - 6 x^{4} + 4
1	6 x^{3} - 4 x^{2} + 2
1	- 6 x^{4} + 4 x^{3} + 7
1	4 x^{4} - 9 x^{3} + 7
1	\left(7 x + 1\right)^{5}
1	6 x^{3} - 2 x^{2} + 4
1	6 x^{5} - 8 x^{3} + 6
1	\cos{\left(6 x + 5 \right)}
1	5 x^{5} - 2 x^{3} + 5
1	5 x^{4} - 5 x^{2} + 5
1	7 x^{4} - 7 x^{3} + 8
1	4 x^{5} - 9 x^{4} + 3
1	- 9 x^{4} + 4 x^{3} + 2
1	3 x^{3} - 7 x^{2} + 6
1	2 x^{3} - 2 x^{2} + 8
1	4 x^{5} - 7 x^{2} + 6
1	3 x^{4} + 6
1	9 - 6 x^{3}
1	2 x^{5} - 2 x^{3} + 2
1	3 x^{5} - 2 x^{2} + 9
1	4 x^{4} - 8 x^{3} + 5
1	2 x^{5} - 6 x^{2} + 2
1	5 x^{4} - 7 x^{3} + 9
1	6 x^{5} - 4 x^{3} + 8
1	6 x^{5} - 9 x^{4} + 3
1	3 x^{4} - 6 x^{2} + 7
1	5 x^{4} - 2 x^{2} + 5
1	8 x^{5} - 6 x^{3} + 7
1	5 x^{4} - 8 x^{2} + 5
1	6 x^{3} - 5 x^{2} + 9
1	5 x^{3} - 3 x^{2} + 8
1	9 x^{4} - 3 x^{2} + 8
1	2 x^{5} - 3 x^{3} + 9
1	3 x^{3} - 5 x^{2} + 3
1	8 x^{4} - 7 x^{3} + 5
1	3 x^{3} + 7
1	6 x^{5} - 5 x^{4} + 9
1	9 x^{5} - 5 x^{4} + 3
1	3 x^{5} - 4 x^{3} + 4
1	7 x^{4} - 4 x^{2} + 7
1	5 x^{5} - 8 x^{2} + 8
1	3 x^{5} - 2 x^{2} + 4
1	2 - x^{4}
1	4 x^{5} - 5 x^{4} + 3
1	8 x^{5} - 9 x^{2} + 9
1	9 x^{4} - 5 x^{3} + 3
1	7 x^{3} - 6 x^{2} + 7
1	2 x^{4} - 2 x^{3} + 7
1	6 x^{5} - 6 x^{2} + 5
1	9 x^{5} - 2 x^{4} + 2
1	7 x^{3} - 5 x^{2} + 3
1	4 x^{3} - 8 x^{2} + 5
1	- 2 x^{4} + 9 x^{3} + 6
1	9 x^{3} - 4 x^{2} + 5
1	6 x^{3} - 4 x^{2} + 4
1	7 x^{3} - 2 x^{2} + 3
1	2 x^{5} - 9 x^{4} + 3
1	6 x^{5} - 5 x^{2} + 4
1	5 x^{4} - 8 x^{3} + 3
1	9 x^{3} - 7 x^{2} + 3
1	5 x^{5} - 3 x^{3} + 2
1	3 x^{3} - 7 x^{2} + 3
1	2 x^{5} - 7 x^{2} + 5
1	3 x^{5} - 2 x^{4} + 6
1	- 5 x^{4} + 5 x^{3} + 4
1	- 5 x^{4} + 4 x^{3} + 6
1	5 x^{3} - 5 x^{2} + 4
1	8 x^{4} - 3 x^{3} + 5
1	9 x^{4} - 4 x^{3} + 5
1	8 x^{5} - 7 x^{2} + 9
1	8 x^{5} - 8 x^{2} + 2
1	3 x^{3} - 3 x^{2} + 9
1	2 x^{3} - 7 x^{2} + 2
1	5 - 5 x^{3}
1	5 x^{5} - 5 x^{3} + 4
1	6 x^{3} - 8 x^{2} + 5
1	2 x^{4} + 8
1	2 x^{5} - 3 x^{3} + 2
1	9 - x^{3}
1	\left(5 x + 2\right)^{3}
1	8 x^{5} - 3 x^{2} + 9
1	7 x^{4} - 3 x^{3} + 4
1	\cos{\left(7 x + 5 \right)}
1	7 x^{3} - 5 x^{2} + 2
1	5 x^{5} - 6 x^{3} + 7
1	4 x^{4} - 4 x^{3} + 8
1	5 x^{3} - 7 x^{2} + 2
1	8 x^{5} - 7 x^{2} + 5
1	2 x^{3} - 7 x^{2} + 8
1	5 x^{5} - 7 x^{3} + 9
1	6 x^{3} - 3 x^{2} + 5
1	7 x^{3} - 6 x^{2} + 6
1	9 x^{4} - 8 x^{2} + 6
1	6 x^{4} - 3 x^{3} + 7
1	7 x^{4} - 5 x^{3} + 6
1	8 x^{5} - 3 x^{2} + 2
1	4 - 3 x^{4}
1	2 x^{5} - 9 x^{3} + 6
1	6 x^{3} - 9 x^{2} + 3
1	6 x^{3} - 7 x^{2} + 8
1	9 x^{4} - 5 x^{2} + 9
1	2 x^{4} - 3 x^{3} + 7
1	8 x^{5} - 6 x^{4} + 7
1	2 x^{3} - 8 x^{2} + 8
1	7 x^{4} - 2 x^{2} + 5
1	8 x^{4} - 7 x^{3} + 8
1	- 4 x^{4} + 9 x^{3} + 4
1	2 x^{5} - 2 x^{3} + 4
1	5 x^{3} - 5 x^{2} + 7
1	9 x^{5} - 9 x^{4} + 2
1	8 x^{4} - 7 x^{2} + 2
1	4 x^{5} - 4 x^{3} + 5
1	4 x^{3} - 7 x^{2} + 6
1	7 x^{3} - 4 x^{2} + 3
1	3 x^{4} - 9 x^{2} + 6
1	2 - 6 x^{4}
1	\left(9 x + 7\right)^{2}
1	7 x^{5} - 9 x^{4} + 8
1	9 x^{5} - 6 x^{4} + 7
1	6 x^{4} + 8
1	3 x^{5} - 9 x^{4} + 8
1	\left(5 x + 1\right)^{5}
1	\left(3 x + 4\right)^{2}
1	- 9 x^{4} + 9 x^{3} + 3
1	4 x^{5} - 9 x^{3} + 2
1	- 8 x^{4} + 4 x^{3} + 5
1	8 x^{5} - 2 x^{3} + 5
1	6 x^{3} - 9 x^{2} + 6
1	2 x^{4} - 5 x^{3} + 7
1	8 x^{3} - 9 x^{2} + 3
1	7 x^{5} - 9 x^{3} + 6
1	2 x^{4} - 4 x^{3} + 8
1	9 x^{4} - 5 x^{2} + 7
1	7 x^{4} - 9 x^{3} + 9
1	3 x^{4} - 8 x^{2} + 6
1	5 x^{4} - 3 x^{3} + 6
1	\left(6 x + 2\right)^{5}
1	5 x^{4} - 6 x^{2} + 3
1	3 x^{4} - 9 x^{2} + 3
1	7 x^{5} - 4 x^{4} + 7
1	8 x^{4} - 5 x^{2} + 6
1	7 x^{4} - 2 x^{2} + 4
1	8 x^{4} - 8 x^{2} + 6
1	2 x^{5} - 3 x^{4} + 8
1	4 x^{4} - 6 x^{2} + 8
1	3 x^{3} - 9 x^{2} + 7
1	5 - x^{3}
1	\left(8 x + 4\right)^{5}
1	5 x^{3} + 4
1	6 x^{5} - 8 x^{2} + 7
1	7 x^{3} - 8 x^{2} + 6
1	4 x^{4} - 7 x^{2} + 8
1	2 x^{3} - 2 x^{2} + 9
1	\left(5 x + 5\right)^{3}
1	6 x^{5} - 5 x^{4} + 3
1	2 x^{3} - 6 x^{2} + 6
1	2 x^{4} - 6 x^{2} + 4
1	5 x^{4} - 5 x^{3} + 3
1	\left(6 x + 3\right)^{4}
1	7 x^{5} - 4 x^{3} + 2
1	6 - 5 x^{4}
1	9 x^{5} - 3 x^{2} + 6
1	- 8 x^{4} + 9 x^{3} + 3
1	2 x^{4} - 9 x^{2} + 2
1	8 x^{4} - 7 x^{2} + 7
1	7 x^{3} - 4 x^{2} + 6
1	\operatorname{sen}{\left(4 x + 3 \right)}
1	6 x^{5} - 2 x^{2} + 5
1	5 x^{3} - 3 x^{2} + 9
1	5 x^{5} - 4 x^{3} + 6
1	4 x^{4} - 9 x^{2} + 9
1	\left(5 x + 2\right)^{2}
1	4 x^{4} - 7 x^{3} + 4
1	2 x^{5} - 6 x^{3} + 8
1	3 x^{4} + 9
1	5 x^{5} - 2 x^{4} + 7
1	7 x^{5} - 8 x^{3} + 6
1	2 x^{3} - 3 x^{2} + 8
1	6 x^{5} - 8 x^{4} + 7
1	9 x^{4} - 8 x^{2} + 5
1	4 x^{5} - 8 x^{4} + 9
1	7 x^{5} - 4 x^{3} + 7
1	- 5 x^{4} + 3 x^{3} + 9
1	4 x^{4} - 3 x^{2} + 8
1	9 x^{4} - 5 x^{3} + 6
1	8 x^{4} - 5 x^{2} + 2
1	2 x^{5} - 9 x^{3} + 4
1	3 x^{4} - 3 x^{3} + 4
1	3 x^{5} - 3 x^{3} + 8
1	3 x^{4} - 2 x^{3} + 4
1	5 x^{5} - 4 x^{2} + 4
1	4 x^{3} + 8
1	\left(7 x + 3\right)^{4}
1	8 x^{5} - 3 x^{4} + 3
1	9 x^{5} - 5 x^{3} + 5
1	3 x^{5} - 3 x^{4} + 2
1	\left(2 x + 9\right)^{4}
1	6 x^{4} - 8 x^{3} + 4
1	\left(9 x + 6\right)^{3}
1	3 - 4 x^{4}
1	4 x^{5} - 5 x^{3} + 8
1	2 - 3 x^{4}
1	2 x^{4} - 5 x^{3} + 2
1	7 x^{5} - 7 x^{3} + 9
1	3 x^{5} - 8 x^{2} + 6
1	6 x^{4} - 8 x^{2} + 8
1	4 x^{5} - 4 x^{2} + 5
1	5 x^{4} - 9 x^{3} + 3
1	- 7 x^{4} + 9 x^{3} + 3
1	9 x^{5} - 3 x^{4} + 2
1	5 x^{4} - 8 x^{3} + 7
1	2 x^{5} - 6 x^{2} + 6
1	3 x^{4} + 8
1	- 8 x^{4} + 9 x^{3} + 4
1	4 x^{3} - 6 x^{2} + 4
1	5 x^{3} - 8 x^{2} + 3
1	3 x^{5} - 5 x^{2} + 8
1	2 x^{5} - 5 x^{3} + 4
1	2 x^{4} - 7 x^{2} + 2
1	8 x^{4} - 4 x^{3} + 8
1	8 x^{5} - 5 x^{2} + 8
1	5 x^{4} - 3 x^{2} + 6
1	4 x^{4} - 7 x^{3} + 9
1	7 x^{5} - 8 x^{3} + 7
1	5 x^{5} - 3 x^{2} + 4
1	5 x^{5} - 2 x^{4} + 8
1	6 x^{5} - 7 x^{4} + 3
1	9 x^{4} - 8 x^{3} + 7
1	4 - 3 x^{3}
1	5 x^{5} - 4 x^{4} + 5
1	\left(8 x + 7\right)^{4}
1	\left(8 x + 2\right)^{2}
1	2 x^{4} - 7 x^{3} + 2
1	8 x^{5} - 8 x^{4} + 3
1	9 x^{5} - 3 x^{4} + 7
1	8 x^{4} - 5 x^{2} + 3
1	4 x^{5} - 3 x^{3} + 3
1	4 x^{4} - 4 x^{3} + 4
1	8 x^{3} - 5 x^{2} + 5
1	9 x^{5} - 3 x^{2} + 5
1	5 x^{4} - 5 x^{2} + 8
1	\cos{\left(3 x + 1 \right)}
1	8 x^{5} - 4 x^{3} + 8
1	5 x^{5} - 6 x^{4} + 8
1	7 x^{3} + 5
1	5 x^{5} - 9 x^{2} + 6
1	\left(2 x + 1\right)^{5}
1	2 x^{3} - 7 x^{2} + 7
1	9 x^{4} - 8 x^{3} + 9
1	9 x^{4} - 5 x^{2} + 3
1	2 - x^{3}
1	9 x^{3} - 7 x^{2} + 8
1	- 7 x^{4} + 3 x^{3} + 7
1	6 x^{5} - 4 x^{2} + 9
1	- 3 x^{4} + 5 x^{3} + 9
1	3 x^{5} - 3 x^{2} + 2
1	7 x^{4} - 9 x^{3} + 4
1	\left(8 x + 9\right)^{2}
1	6 x^{5} - 3 x^{4} + 2
1	7 x^{5} - 7 x^{3} + 3
1	6 x^{3} - 9 x^{2} + 8
1	5 x^{5} - 5 x^{4} + 9
1	2 x^{4} - 8 x^{2} + 4
1	5 x^{4} - 8 x^{3} + 2
1	7 x^{4} - 9 x^{2} + 7
1	- 3 x^{4} + 7 x^{3} + 3
1	3 x^{3} + 2
1	4 x^{4} - 3 x^{2} + 7
1	8 x^{5} - 7 x^{4} + 5
1	5 x^{5} - 4 x^{4} + 7
1	7 x^{4} - 6 x^{2} + 2
1	6 x^{3} - 8 x^{2} + 3
1	- 4 x^{4} + 4 x^{3} + 4
1	- 2 x^{4} + 5 x^{3} + 9
1	2 x^{4} + 9
1	\left(6 x + 6\right)^{5}
1	3 x^{5} - 4 x^{2} + 4
1	7 x^{5} - 9 x^{3} + 2
1	\left(7 x + 9\right)^{3}
1	7 x^{4} - 9 x^{3} + 6
1	3 x^{3} - 8 x^{2} + 9
1	5 x^{3} - 4 x^{2} + 8
1	- 5 x^{4} + 6 x^{3} + 4
1	7 x^{3} - 8 x^{2} + 2
1	4 - 5 x^{4}
1	\left(2 x + 5\right)^{2}
1	2 x^{5} - 4 x^{2} + 8
1	6 x^{3} - 4 x^{2} + 6
1	9 x^{3} - 7 x^{2} + 7
1	9 x^{5} - 9 x^{2} + 2
1	- 2 x^{4} + 5 x^{3} + 5
1	- 7 x^{4} + 6 x^{3} + 9
1	8 - x^{3}
1	5 x^{5} - 6 x^{3} + 5
1	3 x^{5} - 5 x^{4} + 8
1	9 - 3 x^{3}
1	5 x^{5} - 5 x^{3} + 6
1	3 x^{3} - 2 x^{2} + 7
1	\cos{\left(7 x + 1 \right)}
1	\left(8 x + 9\right)^{5}
1	\left(7 x + 7\right)^{4}
1	8 x^{5} - 2 x^{2} + 9
1	9 x^{4} - 3 x^{2} + 4
1	6 x^{3} - 5 x^{2} + 8
1	2 x^{5} - 7 x^{4} + 8
1	2 x^{5} - 4 x^{4} + 6
1	8 x^{4} - 6 x^{2} + 7
1	9 x^{3} - 7 x^{2} + 4
1	6 x^{5} - 8 x^{3} + 4
1	- 9 x^{4} + 5 x^{3} + 4
1	6 x^{5} - 9 x^{2} + 6
1	3 x^{5} - 5 x^{3} + 8
1	4 x^{5} - 3 x^{2} + 4
1	5 - 2 x^{3}
1	8 x^{4} - 6 x^{3} + 8
1	5 x^{3} - 3 x^{2} + 5
1	3 x^{5} - 6 x^{4} + 7
1	2 x^{5} - 3 x^{2} + 5
1	8 x^{3} - 4 x^{2} + 8
1	4 x^{4} - 4 x^{2} + 3
1	7 x^{5} - 6 x^{3} + 7
1	\left(4 x + 7\right)^{4}
1	6 x^{4} - 6 x^{3} + 8
1	6 x^{5} - 6 x^{2} + 2
1	5 x^{5} - 3 x^{4} + 3
1	6 x^{4} - 4 x^{3} + 8
1	- 9 x^{4} + 7 x^{3} + 4
1	7 x^{5} - 9 x^{2} + 9
1	\left(9 x + 6\right)^{5}
1	4 x^{3} + 3
1	8 x^{3} - 5 x^{2} + 3
1	8 x^{4} - 4 x^{2} + 8
1	2 x^{4} + 5
1	2 x^{5} - 7 x^{2} + 4
1	4 x^{4} - 8 x^{2} + 7
1	7 x^{3} - 6 x^{2} + 4
1	- 5 x^{4} + 7 x^{3} + 9
1	8 x^{3} - 6 x^{2} + 6
1	9 x^{5} - 9 x^{4} + 4
1	5 x^{5} - 2 x^{4} + 2
1	2 x^{3} - 8 x^{2} + 9
1	8 x^{3} - 9 x^{2} + 8
1	6 x^{4} - 7 x^{2} + 9
1	3 x^{4} - 4 x^{3} + 2
1	\left(3 x + 5\right)^{3}
1	3 x^{4} - 7 x^{2} + 2
1	- 3 x^{4} + 4 x^{3} + 5
1	5 x^{4} - 7 x^{2} + 4
1	4 x^{3} - 5 x^{2} + 9
1	6 - 4 x^{3}
1	4 x^{3} - 2 x^{2} + 2
1	3 x^{5} - 2 x^{2} + 2
1	7 x^{5} - 5 x^{4} + 8
1	7 x^{5} - 7 x^{4} + 4
1	4 x^{3} - 3 x^{2} + 3
1	4 x^{4} - 6 x^{2} + 3
1	\left(4 x + 1\right)^{3}
1	3 x^{5} - 4 x^{3} + 5
1	\left(9 x + 4\right)^{5}
1	3 x^{5} - 2 x^{4} + 2
1	3 x^{4} - 3 x^{3} + 5
1	7 x^{4} - 5 x^{2} + 9
1	5 x^{4} + 8
1	3 x^{4} - 3 x^{2} + 5
1	8 x^{5} - 7 x^{3} + 8
1	9 x^{5} - 8 x^{3} + 4
1	- 4 x^{4} + 9 x^{3} + 8
1	2 x^{4} - 3 x^{2} + 6
1	\left(4 x + 8\right)^{4}
1	9 x^{5} - 5 x^{4} + 4
1	5 x^{5} - 9 x^{4} + 3
1	6 x^{4} - 6 x^{3} + 3
1	4 x^{5} - 7 x^{3} + 8
1	- 3 x^{4} + 2 x^{3} + 2
1	8 x^{4} - 5 x^{2} + 8
1	4 x^{5} - 9 x^{2} + 8
1	3 x^{3} - 5 x^{2} + 6
1	2 x^{4} - 4 x^{2} + 2
1	3 x^{5} - 8 x^{3} + 9
1	6 x^{4} - 3 x^{2} + 7
1	3 x^{5} - 3 x^{2} + 3
1	2 x^{4} - 6 x^{3} + 7
1	6 x^{4} + 7
1	8 x^{3} - 3 x^{2} + 5
1	5 x^{5} - 6 x^{4} + 7
1	6 x^{5} - 2 x^{2} + 6
1	3 x^{5} - 3 x^{4} + 6
1	6 x^{3} - 6 x^{2} + 6
1	3 x^{5} - 3 x^{4} + 7
1	3 x^{5} - 7 x^{4} + 9
1	8 x^{3} - 3 x^{2} + 6
1	4 x^{5} - 7 x^{3} + 2
1	9 x^{4} - 4 x^{2} + 7
1	7 x^{4} - 7 x^{3} + 6
1	8 x^{5} - 8 x^{4} + 6
1	8 x^{5} - 5 x^{4} + 3
1	5 x^{3} - 3 x^{2} + 3
1	3 x^{3} - 8 x^{2} + 7
1	5 x^{3} - 7 x^{2} + 9
1	6 x^{3} - 6 x^{2} + 4
1	8 x^{5} - 2 x^{2} + 4
1	2 x^{4} - 9 x^{3} + 2
1	6 x^{4} - 8 x^{3} + 9
1	5 x^{4} + 5
1	5 x^{4} - 2 x^{2} + 4
1	8 - 7 x^{3}
1	7 x^{3} - 6 x^{2} + 3
1	3 x^{5} - 3 x^{3} + 3
1	5 x^{5} - 2 x^{4} + 3
1	2 x^{3} - 4 x^{2} + 3
1	5 x^{3} - 7 x^{2} + 6
1	8 x^{5} - 5 x^{2} + 6
1	8 x^{4} - 8 x^{3} + 2
1	\left(8 x + 2\right)^{3}
1	8 x^{5} - 2 x^{3} + 9
1	6 x^{5} - 6 x^{3} + 9
1	8 x^{5} - 4 x^{4} + 3
1	4 x^{4} - 6 x^{2} + 6
1	\left(4 x + 8\right)^{2}
1	8 x^{4} - 8 x^{2} + 3
1	8 x^{4} - 9 x^{2} + 9
1	- 6 x^{4} + 3 x^{3} + 2
1	2 x^{4} - 8 x^{3} + 7
1	5 x^{3} - 9 x^{2} + 7
1	- 8 x^{4} + 8 x^{3} + 3
1	2 x^{3} - 4 x^{2} + 7
1	7 x^{3} + 2
1	9 x^{5} - 5 x^{3} + 9
1	7 x^{4} - 4 x^{3} + 2
1	7 x^{4} - 5 x^{3} + 3
1	8 x^{4} - 7 x^{3} + 7
1	2 x^{5} - 7 x^{3} + 2
1	3 x^{3} - 7 x^{2} + 7
1	\left(7 x + 6\right)^{5}
1	3 x^{5} - 8 x^{4} + 2
1	\left(2 x + 1\right)^{4}
1	5 x^{4} - 9 x^{2} + 3
1	8 x^{4} - 9 x^{3} + 5
1	5 x^{5} - 9 x^{3} + 3
1	\cos{\left(9 x + 9 \right)}
1	6 x^{4} - 5 x^{2} + 2
1	2 x^{4} - 3 x^{3} + 8
1	\cos{\left(7 x + 6 \right)}
1	8 x^{4} - 6 x^{3} + 9
1	6 x^{5} - 4 x^{3} + 3
1	9 x^{3} - 7 x^{2} + 9
1	9 x^{5} - 9 x^{2} + 3
1	\left(4 x + 1\right)^{4}
1	\left(5 x + 7\right)^{3}
1	7 - 2 x^{3}
1	2 x^{4} - 4 x^{3} + 9
1	8 x^{4} - 9 x^{3} + 6
1	9 - 5 x^{3}
1	8 x^{3} - 8 x^{2} + 4
1	8 x^{5} - 4 x^{4} + 7
1	5 x^{4} - 3 x^{2} + 5
1	5 x^{4} - 7 x^{2} + 9
1	2 x^{5} - 8 x^{4} + 7
1	2 x^{5} - 8 x^{2} + 7
1	\left(3 x + 2\right)^{4}
1	9 x^{3} - 2 x^{2} + 5
1	3 x^{4} - 8 x^{3} + 5
1	5 x^{5} - 4 x^{4} + 3
1	2 x^{4} - 5 x^{2} + 7
1	4 - 6 x^{3}
1	6 x^{3} - 8 x^{2} + 9
1	\left(8 x + 9\right)^{4}
1	\left(5 x + 7\right)^{4}
1	4 x^{4} - 8 x^{3} + 6
1	\left(2 x + 6\right)^{3}
1	6 x^{4} - 3 x^{3} + 2
1	6 x^{4} - 4 x^{3} + 5
1	\left(9 x + 3\right)^{4}
1	8 x^{5} - 6 x^{2} + 4
1	8 x^{3} - 4 x^{2} + 6
1	\left(7 x + 9\right)^{4}
1	3 - 6 x^{3}
1	4 x^{5} - 4 x^{3} + 4
1	6 x^{3} - 9 x^{2} + 2
1	5 x^{5} - 5 x^{2} + 9
1	9 x^{5} - 5 x^{2} + 7
1	4 x^{3} - 3 x^{2} + 5
1	2 x^{5} - 4 x^{4} + 7
1	7 x^{5} - 5 x^{2} + 6
1	6 x^{5} - 7 x^{3} + 2
1	6 x^{3} - 8 x^{2} + 6
1	\left(3 x + 5\right)^{4}
1	\left(3 x + 1\right)^{4}
1	\left(8 x + 1\right)^{4}
1	5 x^{4} - 6 x^{3} + 6
1	3 - 3 x^{3}
1	\left(6 x + 1\right)^{4}
1	3 x^{4} - 9 x^{3} + 3
1	3 x^{5} - 7 x^{4} + 6
1	2 x^{5} - 5 x^{3} + 5
1	9 x^{3} - 5 x^{2} + 9
1	7 x^{5} - 3 x^{3} + 9
1	3 x^{3} - 8 x^{2} + 2
1	3 x^{3} - 5 x^{2} + 2
1	7 x^{5} - 9 x^{2} + 4
1	5 x^{5} - 4 x^{2} + 5
1	6 x^{4} - 7 x^{2} + 8
1	\left(9 x + 9\right)^{5}
1	3 x^{5} - 7 x^{3} + 4
1	- 7 x^{4} + 4 x^{3} + 6
1	6 x^{5} - 7 x^{2} + 3
1	7 x^{5} - 8 x^{4} + 6
1	2 x^{5} - 2 x^{2} + 5
1	6 x^{4} - 4 x^{3} + 9
1	2 x^{4} - 8 x^{2} + 5
1	8 x^{5} - 4 x^{2} + 9
1	7 x^{5} - 4 x^{2} + 8
1	8 x^{5} - 4 x^{3} + 5
1	4 x^{5} - 2 x^{3} + 6
1	2 x^{5} - 5 x^{2} + 3
1	- 8 x^{4} + 7 x^{3} + 3
1	2 x^{5} - 5 x^{3} + 3
1	3 x^{4} - 7 x^{3} + 4
1	8 x^{3} - 8 x^{2} + 2
1	7 x^{5} - 2 x^{4} + 4
1	3 - 2 x^{3}
1	5 x^{5} - 8 x^{4} + 4
1	8 x^{5} - 9 x^{3} + 4
1	3 x^{4} - 2 x^{3} + 6
1	6 x^{4} - 8 x^{3} + 2
1	7 x^{5} - 5 x^{2} + 2
1	4 x^{4} - 3 x^{3} + 2
1	6 x^{5} - 7 x^{2} + 8
1	7 x^{5} - 9 x^{2} + 6
1	\left(5 x + 7\right)^{2}
1	7 x^{4} - 8 x^{2} + 4
1	- 9 x^{4} + 9 x^{3} + 5
1	9 x^{3} - 9 x^{2} + 9
1	8 x^{5} - 6 x^{4} + 5
1	7 x^{5} - 3 x^{3} + 3
1	8 - 4 x^{4}
1	\left(3 x + 4\right)^{5}
1	7 x^{4} - 5 x^{3} + 4
1	4 x^{5} - 7 x^{4} + 6
1	\left(9 x + 9\right)^{3}
1	6 x^{5} - 5 x^{4} + 2
1	7 x^{5} - 8 x^{3} + 3
1	2 x^{4} - 7 x^{3} + 7
1	3 x^{4} - 7 x^{3} + 2
1	8 x^{4} - 2 x^{2} + 7
1	2 x^{4} - 6 x^{3} + 8
1	2 x^{4} - 6 x^{2} + 5
1	7 x^{4} - 4 x^{2} + 3
1	9 x^{5} - 2 x^{3} + 5
1	6 x^{5} - 2 x^{2} + 9
1	3 x^{5} - 4 x^{3} + 7
1	3 x^{3} + 9
1	8 x^{5} - 7 x^{3} + 3
1	\left(9 x + 6\right)^{2}
1	7 x^{4} - 5 x^{3} + 8
1	2 x^{3} - 4 x^{2} + 4
1	2 x^{4} - 2 x^{3} + 3
1	6 x^{5} - 6 x^{4} + 5
1	6 x^{5} - 8 x^{2} + 2
1	8 x^{3} - 7 x^{2} + 9
1	6 x^{5} - 4 x^{2} + 2
1	6 x^{4} - 9 x^{3} + 7
1	9 x^{5} - 2 x^{2} + 3
1	6 x^{3} - 6 x^{2} + 5
1	3 x^{4} - 3 x^{2} + 2
1	8 x^{5} - 2 x^{2} + 2
1	8 x^{3} - 5 x^{2} + 9
1	2 x^{5} - 5 x^{4} + 7
1	3 x^{5} - 3 x^{3} + 7
1	5 x^{5} - 3 x^{2} + 8
1	7 x^{4} - 6 x^{3} + 5
1	6 x^{5} - 5 x^{3} + 7
1	- 3 x^{4} + 6 x^{3} + 8
1	- 4 x^{4} + 2 x^{3} + 6
1	2 x^{3} - 9 x^{2} + 6
1	3 x^{4} - 6 x^{3} + 3
1	6 x^{4} - 4 x^{3} + 7
1	3 x^{5} - 6 x^{2} + 7
1	3 x^{5} - 5 x^{4} + 9
1	\left(8 x + 6\right)^{4}
1	5 x^{4} - 4 x^{3} + 8
1	\left(5 x + 8\right)^{3}
1	4 x^{3} - 2 x^{2} + 6
1	- 3 x^{4} + 8 x^{3} + 6
1	7 x^{4} - 3 x^{3} + 5
1	3 x^{4} - 8 x^{3} + 4
1	4 x^{4} - 5 x^{3} + 3
1	\left(8 x + 6\right)^{5}
1	6 x^{4} - 3 x^{2} + 9
1	8 x^{5} - 8 x^{3} + 5
1	2 x^{5} - 4 x^{3} + 5
1	2 x^{5} - 8 x^{3} + 2
1	\left(7 x + 6\right)^{2}
1	\left(5 x + 3\right)^{2}
1	6 x^{4} - 6 x^{3} + 9
1	\left(3 x + 9\right)^{5}
1	2 x^{3} - 6 x^{2} + 7
1	9 x^{4} - 8 x^{3} + 3
1	9 x^{3} - 9 x^{2} + 5
1	9 x^{5} - 6 x^{2} + 9
1	9 x^{4} - 7 x^{2} + 8
1	9 x^{4} - 2 x^{2} + 3
1	2 - 2 x^{4}
1	4 x^{5} - 2 x^{2} + 9
1	7 x^{5} - 3 x^{3} + 4
1	7 x^{4} - 8 x^{2} + 8
1	6 x^{3} - 8 x^{2} + 4
1	5 x^{5} - 3 x^{3} + 8
1	9 x^{4} - 7 x^{3} + 2
1	8 x^{5} - 7 x^{3} + 6
1	5 x^{5} - 3 x^{2} + 9
1	6 x^{5} - 6 x^{2} + 8
1	3 x^{4} - 9 x^{2} + 8
1	2 x^{5} - 8 x^{4} + 5
1	4 x^{5} - 8 x^{4} + 7
1	3 x^{5} - 9 x^{3} + 4
1	8 x^{5} - 3 x^{3} + 7
1	\left(5 x + 1\right)^{3}
1	4 x^{5} - 9 x^{3} + 5
1	3 x^{5} - 8 x^{4} + 3
1	3 x^{5} - 4 x^{2} + 9
1	4 x^{4} - 9 x^{3} + 3
1	4 x^{5} - 8 x^{3} + 2
1	6 x^{3} - 9 x^{2} + 9
1	5 x^{4} - 5 x^{2} + 6
1	9 x^{4} - 5 x^{3} + 9
1	2 x^{5} - 8 x^{2} + 4
1	9 x^{5} - 7 x^{2} + 6
1	\left(4 x + 2\right)^{2}
1	4 x^{5} - 6 x^{3} + 6
1	\left(9 x + 5\right)^{4}
1	\left(7 x + 3\right)^{2}
1	9 x^{4} - 9 x^{2} + 5
1	8 x^{4} - 4 x^{3} + 5
1	3 x^{5} - 2 x^{2} + 5
1	4 x^{4} + 7
1	9 x^{4} - 7 x^{3} + 5
1	8 x^{4} - 9 x^{3} + 4
1	2 x^{5} - 3 x^{2} + 8
1	- 5 x^{4} + 8 x^{3} + 3
1	7 x^{4} - 8 x^{3} + 8
1	8 x^{4} - 9 x^{3} + 3
1	8 x^{5} - 4 x^{2} + 5
1	8 x^{4} - 9 x^{2} + 7
1	9 x^{5} - 7 x^{2} + 7
1	4 x^{3} + 7
1	9 - 5 x^{4}
1	- 4 x^{4} + 3 x^{3} + 8
1	5 x^{4} - 3 x^{3} + 8
1	4 x^{4} - 5 x^{2} + 4
1	5 x^{4} - 5 x^{3} + 8
1	3 x^{4} - 4 x^{3} + 5
1	9 x^{5} - 9 x^{2} + 4
1	2 x^{5} - 4 x^{4} + 3
1	3 x^{4} - 5 x^{2} + 2
1	9 x^{5} - 4 x^{4} + 5
1	5 x^{4} - 2 x^{2} + 2
1	4 x^{3} - 4 x^{2} + 7
1	7 x^{3} - 2 x^{2} + 9
1	3 - 4 x^{3}
1	- 6 x^{4} + 2 x^{3} + 7
1	4 x^{4} - 3 x^{3} + 9
1	\left(8 x + 3\right)^{2}
1	4 x^{3} - 9 x^{2} + 6
1	8 x^{4} - 6 x^{2} + 3
1	5 x^{5} - 6 x^{3} + 4
1	5 x^{4} - 4 x^{2} + 9
1	\left(5 x + 8\right)^{4}
1	4 x^{4} - 9 x^{2} + 2
1	6 x^{3} - 2 x^{2} + 5
1	8 x^{5} - 8 x^{3} + 4
1	4 x^{5} - 5 x^{2} + 2
1	2 x^{4} - 5 x^{2} + 9
1	8 x^{5} - 7 x^{3} + 7
1	7 x^{5} - 7 x^{3} + 4
1	8 x^{5} - 7 x^{3} + 5
1	3 x^{5} - 7 x^{2} + 4
1	3 x^{5} - 4 x^{2} + 7
1	9 x^{4} - 5 x^{2} + 6
1	4 x^{4} - 6 x^{2} + 4
1	6 x^{5} - 7 x^{4} + 5
1	\left(6 x + 9\right)^{5}
1	8 x^{5} - 5 x^{3} + 6
1	5 x^{5} - 3 x^{2} + 7
1	\left(3 x + 7\right)^{5}
1	8 x^{4} - 8 x^{3} + 7
1	\left(7 x + 4\right)^{4}
1	5 x^{5} - 8 x^{2} + 7
1	3 x^{4} - 2 x^{3} + 2
1	7 x^{4} - 4 x^{3} + 4
1	7 x^{4} - 3 x^{2} + 8
1	7 x^{3} - 3 x^{2} + 6
1	2 x^{4} - 8 x^{3} + 8
1	4 x^{4} - 9 x^{3} + 9
1	4 x^{4} + 4
1	9 x^{5} - 2 x^{2} + 6
1	5 x^{5} - 2 x^{4} + 5
1	7 x^{5} - 8 x^{2} + 7
1	\cos{\left(5 x + 1 \right)}
1	8 x^{3} - 4 x^{2} + 5
1	4 x^{3} - 5 x^{2} + 3
1	\left(4 x + 8\right)^{5}
1	8 x^{4} - 4 x^{3} + 7
1	9 x^{4} - 7 x^{3} + 4
1	\left(7 x + 5\right)^{5}
1	2 - 4 x^{4}
1	9 x^{5} - 5 x^{2} + 6
1	7 x^{5} - 3 x^{4} + 2
1	8 x^{5} - 8 x^{2} + 4
1	7 x^{5} - 3 x^{4} + 3
1	2 x^{5} - 7 x^{3} + 6
1	2 x^{5} - 9 x^{3} + 9
1	2 x^{5} - 9 x^{2} + 5
1	3 x^{5} - 9 x^{2} + 8
1	2 x^{3} - 2 x^{2} + 7
1	2 x^{5} - 3 x^{3} + 7
1	\left(6 x + 7\right)^{5}
1	2 x^{4} - 4 x^{3} + 6
1	- 7 x^{4} + 9 x^{3} + 4
1	3 x^{4} - 3 x^{3} + 2
1	7 x^{5} - 6 x^{3} + 4
1	\cos{\left(5 x + 7 \right)}
1	4 x^{5} - 4 x^{2} + 3
1	8 x^{3} - 4 x^{2} + 4
1	7 x^{4} - 2 x^{2} + 3
1	5 x^{5} - 8 x^{3} + 2
1	\left(8 x + 3\right)^{5}
1	3 x^{3} - 3 x^{2} + 8
1	2 - 5 x^{3}
1	9 x^{3} - 9 x^{2} + 2
1	5 x^{5} - 3 x^{3} + 5
1	8 x^{5} - 3 x^{2} + 3
1	9 x^{5} - 2 x^{2} + 4
1	- 9 x^{4} + 2 x^{3} + 5
1	5 x^{5} - 5 x^{3} + 9
1	7 x^{5} - 7 x^{2} + 2
1	4 x^{4} - 5 x^{3} + 8
1	\left(4 x + 7\right)^{2}
1	8 x^{3} - 9 x^{2} + 9
1	2 x^{4} - 6 x^{3} + 2
1	6 x^{5} - 2 x^{3} + 8
1	7 x^{4} - 7 x^{2} + 9
1	2 x^{3} - 3 x^{2} + 6
1	8 x^{4} - 6 x^{3} + 6
1	6 x^{5} - 3 x^{3} + 8
1	2 x^{4} - 9 x^{3} + 5
1	4 x^{3} - 3 x^{2} + 9
1	5 x^{5} - 8 x^{3} + 6
1	5 x^{5} - 5 x^{4} + 6
1	2 x^{5} - 2 x^{3} + 9
1	5 x^{4} - 8 x^{2} + 4
1	8 x^{5} - 6 x^{2} + 8
1	4 x^{3} - 4 x^{2} + 8
1	3 x^{3} - 7 x^{2} + 4
1	7 x^{5} - 2 x^{3} + 8
1	\left(4 x + 7\right)^{5}
1	5 x^{3} - 5 x^{2} + 5
1	3 x^{5} - 8 x^{4} + 9
1	8 x^{5} - 3 x^{3} + 2
1	4 x^{5} - 8 x^{2} + 9
1	- 9 x^{4} + 8 x^{3} + 7
1	2 x^{5} - 7 x^{4} + 5
1	- 3 x^{4} + 5 x^{3} + 4
1	5 x^{4} - 7 x^{2} + 2
1	4 x^{5} - 9 x^{3} + 8
1	2 - 4 x^{3}
1	\left(4 x + 6\right)^{3}
1	9 x^{5} - 5 x^{3} + 2
1	9 - 3 x^{4}
1	9 x^{4} - 5 x^{2} + 4
1	3 x^{5} - 3 x^{3} + 6
1	- 6 x^{4} + 4 x^{3} + 4
1	8 x^{4} - 3 x^{2} + 4
1	6 x^{5} - 3 x^{4} + 6
1	6 x^{5} - 4 x^{3} + 4
1	3 x^{5} - 5 x^{4} + 6
1	- 5 x^{4} + 7 x^{3} + 6
1	6 x^{5} - 9 x^{2} + 9
1	4 x^{5} - 8 x^{3} + 3
1	5 x^{5} - 4 x^{4} + 4
1	9 x^{5} - 8 x^{2} + 6
1	4 x^{5} - 2 x^{2} + 7
1	7 x^{5} - 6 x^{4} + 7
1	8 x^{5} - 8 x^{3} + 6
1	9 x^{3} - 4 x^{2} + 2
1	4 x^{5} - 5 x^{3} + 7
1	2 x^{5} - 3 x^{3} + 5
1	4 x^{4} - 3 x^{3} + 7
1	7 x^{4} - 2 x^{3} + 8
1	2 x^{3} + 4
1	5 x^{5} - 3 x^{3} + 9
1	2 x^{5} - 6 x^{4} + 4
1	2 x^{5} - 7 x^{4} + 2
1	5 x^{5} - 2 x^{2} + 3
1	8 x^{5} - 7 x^{3} + 4
1	5 x^{5} - 7 x^{2} + 4
1	8 x^{4} - 4 x^{3} + 6
1	\left(6 x + 8\right)^{4}
1	4 x^{5} - 5 x^{4} + 7
1	6 x^{4} - 7 x^{3} + 4
1	3 x^{4} - 2 x^{2} + 9
1	4 x^{5} - 5 x^{3} + 5
1	2 x^{5} - 2 x^{2} + 7
1	5 x^{4} - 2 x^{2} + 8
1	\left(6 x + 8\right)^{2}
1	3 x^{3} - 3 x^{2} + 6
1	6 x^{3} - 8 x^{2} + 8
1	3 x^{3} - 9 x^{2} + 9
1	7 x^{4} + 2
1	5 x^{5} - 6 x^{2} + 6
1	8 x^{5} - 6 x^{3} + 8
1	2 x^{4} - 9 x^{3} + 3
1	7 x^{5} - 5 x^{4} + 4
1	4 x^{5} - 6 x^{3} + 7
1	3 x^{3} - 2 x^{2} + 4
1	6 x^{5} - 2 x^{3} + 7
1	4 x^{3} - 4 x^{2} + 5
1	9 x^{4} - 7 x^{2} + 7
1	9 x^{5} - 5 x^{2} + 4
1	6 x^{3} - 6 x^{2} + 9
1	2 x^{5} - 4 x^{2} + 2
1	7 x^{4} - 8 x^{3} + 2
1	3 x^{5} - 5 x^{3} + 6
1	9 x^{5} - 8 x^{4} + 8
1	3 x^{3} - 6 x^{2} + 5
1	7 x^{5} - 6 x^{3} + 9
1	6 x^{5} - 2 x^{3} + 9
1	9 x^{5} - 5 x^{2} + 2
1	3 x^{4} - 8 x^{2} + 8
1	4 x^{5} - 7 x^{3} + 9
1	- 3 x^{4} + 6 x^{3} + 7
1	9 x^{5} - 8 x^{3} + 5
1	2 x^{5} - 9 x^{4} + 8
1	2 x^{4} + 6
1	2 x^{4} - 9 x^{2} + 8
1	6 x^{3} - 5 x^{2} + 7
1	9 x^{5} - 3 x^{4} + 3
1	2 x^{5} - 3 x^{2} + 2
1	6 x^{5} - 9 x^{2} + 3
1	\left(2 x + 7\right)^{4}
1	5 x^{4} + 4
1	7 x^{3} - 4 x^{2} + 7
1	\left(5 x + 4\right)^{5}
1	5 x^{4} - 2 x^{2} + 7
1	2 x^{5} - 5 x^{2} + 6
1	9 x^{5} - 9 x^{4} + 3
1	9 x^{4} - 4 x^{2} + 9
1	3 x^{5} - 8 x^{3} + 8
1	4 x^{4} - 6 x^{2} + 5
1	4 x^{4} - 3 x^{3} + 6
1	5 x^{5} - 7 x^{2} + 2
1	7 x^{4} - 2 x^{2} + 2
1	9 x^{3} - 3 x^{2} + 7
1	8 x^{4} - 5 x^{2} + 4
1	3 x^{5} - 4 x^{3} + 6
1	9 x^{5} - 7 x^{2} + 3
1	6 x^{3} - 4 x^{2} + 5
1	7 - x^{4}
1	9 x^{3} - 5 x^{2} + 4
1	9 x^{3} - 5 x^{2} + 8
1	6 x^{5} - 2 x^{2} + 2
1	4 x^{4} - 2 x^{2} + 9
1	3 x^{5} - 7 x^{2} + 6
1	7 x^{5} - 8 x^{2} + 9
1	3 x^{4} - 2 x^{2} + 4
1	2 x^{5} - 4 x^{2} + 7
1	6 x^{5} - 3 x^{2} + 6
1	8 x^{5} - 4 x^{2} + 8
1	7 x^{4} - 5 x^{3} + 5
1	8 x^{5} - 5 x^{2} + 2
1	5 x^{5} - 7 x^{2} + 8
1	\sqrt{x^{2} + 6}
1	6 x^{4} - 9 x^{3} + 2
1	5 x^{5} - 8 x^{2} + 2
1	8 x^{5} - 4 x^{2} + 3
1	4 x^{5} - 3 x^{4} + 9
1	7 x^{4} - 3 x^{3} + 7
1	8 x^{4} - 7 x^{2} + 6
1	5 x^{5} - 2 x^{3} + 7
1	2 x^{4} - 7 x^{3} + 9
1	3 x^{5} - 7 x^{2} + 9
1	6 x^{5} - 9 x^{3} + 7
1	9 x^{4} - 2 x^{3} + 2
1	6 x^{5} - 3 x^{2} + 3
1	2 x^{5} - 6 x^{4} + 5
1	2 x^{5} - 8 x^{4} + 6
1	- 6 x^{4} + 3 x^{3} + 3
1	6 x^{5} - 8 x^{4} + 2
1	9 x^{5} - 3 x^{2} + 4
1	8 x^{4} - 4 x^{3} + 2
1	6 x^{3} - 7 x^{2} + 6
1	3 x^{3} - 5 x^{2} + 7
1	7 x^{3} - 8 x^{2} + 5
1	9 x^{4} - 5 x^{2} + 5
1	5 x^{5} - 5 x^{3} + 2
1	5 x^{5} - 9 x^{4} + 6
1	8 x^{3} - 4 x^{2} + 3
1	5 x^{5} - 7 x^{4} + 4
1	4 x^{3} - 7 x^{2} + 8
1	4 x^{5} - 4 x^{4} + 4
1	5 x^{3} - 4 x^{2} + 2
1	4 x^{5} - 4 x^{3} + 7
1	\cos{\left(2 x + 3 \right)}
1	7 x^{4} - 9 x^{3} + 7
1	2 x^{5} - 9 x^{2} + 7
1	3 x^{5} - 9 x^{2} + 7
1	5 x^{3} - 2 x^{2} + 7
1	\left(4 x + 2\right)^{4}
1	5 x^{4} - 8 x^{2} + 8
1	- 4 x^{4} + 8 x^{3} + 7
1	3 x^{3} - 2 x^{2} + 9
1	5 x^{3} - 2 x^{2} + 3
1	2 x^{4} - 9 x^{2} + 3
1	5 x^{5} - 3 x^{4} + 9
1	9 x^{5} - 7 x^{4} + 4
1	6 x^{4} - 8 x^{3} + 5
1	\left(6 x + 5\right)^{2}
1	8 x^{5} - 6 x^{2} + 2
1	2 x^{4} - 3 x^{2} + 4
1	8 x^{4} - 3 x^{2} + 5
1	4 x^{3} - 8 x^{2} + 6
1	5 x^{4} - 3 x^{3} + 2
1	5 x^{4} - 2 x^{2} + 9
1	5 x^{3} - 9 x^{2} + 2
1	5 x^{5} - 7 x^{2} + 9
1	\left(3 x + 7\right)^{3}
1	\left(7 x + 6\right)^{3}
1	5 x^{4} - 3 x^{3} + 3
1	2 x^{4} - 4 x^{3} + 3
1	4 x^{4} - 9 x^{2} + 7
1	4 x^{3} - 7 x^{2} + 7
1	9 x^{5} - 4 x^{3} + 4
1	\left(7 x + 9\right)^{5}
1	8 x^{4} - 3 x^{2} + 3
1	3 x^{3} - 6 x^{2} + 8
1	8 x^{4} - 3 x^{2} + 7
1	3 x^{5} - 4 x^{4} + 7
1	\left(9 x + 5\right)^{3}
1	5 x^{3} - 4 x^{2} + 9
1	5 x^{3} - 2 x^{2} + 9
1	2 x^{3} - 6 x^{2} + 8
1	4 x^{5} - 2 x^{2} + 4
1	4 x^{4} - 8 x^{3} + 2
1	2 x^{4} - 2 x^{2} + 3
1	8 x^{5} - 2 x^{4} + 8
1	- 8 x^{4} + 5 x^{3} + 5
1	5 x^{4} - 6 x^{2} + 9
1	2 x^{5} - 2 x^{2} + 9
1	8 x^{3} - 3 x^{2} + 3
1	3 x^{3} - 6 x^{2} + 3
1	2 x^{4} - 8 x^{3} + 6
1	9 x^{3} - 2 x^{2} + 7
1	2 x^{4} - 3 x^{2} + 5
1	\left(5 x + 3\right)^{5}
1	\left(9 x + 7\right)^{4}
1	8 x^{3} - 2 x^{2} + 4
1	9 x^{5} - 9 x^{3} + 8
1	4 x^{4} - 6 x^{3} + 7
1	6 x^{3} - 4 x^{2} + 3
1	9 x^{3} - 3 x^{2} + 6
1	2 x^{3} - 3 x^{2} + 9
1	3 x^{3} - 6 x^{2} + 6
1	6 x^{5} - 6 x^{3} + 5
1	9 x^{5} - 6 x^{2} + 8
1	- 8 x^{4} + 6 x^{3} + 8
1	8 x^{4} - 7 x^{2} + 8
1	4 x^{4} - 6 x^{3} + 2
1	4 x^{3} - 8 x^{2} + 2
1	2 x^{5} - 9 x^{4} + 5
1	9 x^{3} - 5 x^{2} + 7
1	2 x^{5} - 3 x^{2} + 3
1	\operatorname{sen}{\left(5 x + 5 \right)}
1	\left(7 x + 5\right)^{4}
1	9 x^{4} - 9 x^{3} + 3
1	\left(6 x + 3\right)^{5}
1	6 x^{5} - 7 x^{2} + 4
1	\operatorname{sen}{\left(4 x + 8 \right)}
1	2 x^{4} - 8 x^{3} + 5
1	5 x^{5} - 8 x^{3} + 8
1	9 x^{5} - 7 x^{4} + 6
1	6 x^{3} - 6 x^{2} + 8
1	5 x^{3} - 5 x^{2} + 8
1	7 x^{3} - 7 x^{2} + 2
1	e^{4 x + 9}
1	7 x^{4} - 6 x^{3} + 6
1	8 x^{4} - 9 x^{2} + 8
1	7 x^{4} - 8 x^{3} + 6
1	3 x^{5} - 6 x^{3} + 3
1	3 x^{5} - 6 x^{2} + 8
1	5 x^{4} - 2 x^{3} + 5
1	7 x^{5} - 4 x^{3} + 5
1	3 x^{5} - 6 x^{3} + 5
1	- 2 x^{4} + 3 x^{3} + 2
1	2 x^{4} - 4 x^{3} + 4
1	4 x^{5} - 6 x^{2} + 7
1	4 x^{5} - 6 x^{2} + 2
1	\left(3 x + 8\right)^{4}
1	4 x^{3} - 2 x^{2} + 4
1	7 x^{4} - 7 x^{2} + 5
1	2 x^{4} - 3 x^{3} + 2
1	3 x^{5} - 4 x^{2} + 2
1	2 x^{5} - 2 x^{3} + 3
1	\left(4 x + 3\right)^{3}
1	7 x^{4} - 6 x^{3} + 7
1	2 x^{3} - 2 x^{2} + 4
1	5 x^{4} - 5 x^{2} + 9
1	2 x^{5} - 7 x^{2} + 2
1	\left(7 x + 8\right)^{3}
1	9 x^{3} - 6 x^{2} + 9
1	\left(4 x + 9\right)^{2}
1	- 2 x^{4} + 9 x^{3} + 5
1	- 8 x^{4} + 9 x^{3} + 6
1	3 x^{3} - 6 x^{2} + 4
1	3 x^{5} - 5 x^{4} + 2
1	3 x^{5} - 6 x^{4} + 3
1	- 4 x^{4} + 8 x^{3} + 4
1	8 x^{3} - 8 x^{2} + 7
1	\left(9 x + 4\right)^{3}
1	2 x^{4} - 9 x^{3} + 6
1	2 x^{4} + 3
1	3 x^{5} - 3 x^{4} + 4
1	- 5 x^{4} + 4 x^{3} + 5
1	4 x^{5} - 3 x^{3} + 6
1	9 x^{5} - 6 x^{4} + 2
1	6 x^{4} - 2 x^{3} + 5
1	4 x^{4} - 6 x^{2} + 2
1	4 x^{3} - 5 x^{2} + 2
1	5 x^{5} - 9 x^{2} + 8
1	6 x^{5} - 3 x^{2} + 5
1	3 x^{5} - 6 x^{2} + 5
1	\left(6 x + 3\right)^{2}
1	2 x^{4} - 2 x^{3} + 2
1	7 x^{4} - 7 x^{2} + 2
1	6 x^{4} - 9 x^{2} + 7
1	6 x^{5} - 9 x^{4} + 4
1	\left(7 x + 8\right)^{2}
1	2 x^{4} - 2 x^{2} + 6
1	3 x^{3} + 3
1	7 x^{5} - 5 x^{3} + 2
1	4 x^{5} - 7 x^{4} + 8
1	3 x^{5} - 9 x^{3} + 8
1	7 x^{5} - 9 x^{2} + 2
