orden,id,universidad,miembros,banda,contacto_previo,fuente,brazo
1,uba288,UBA,80,chico,no,Comunidades,dx-ab-imagen-control
2,uba160,UBA,43,chico,si,Grupos,dx-ab-imagen-control
3,uba196,UBA,197,grande,no,Grupos,dx-ab-imagen-tratamiento
4,uba216,UBA,205,grande,si,Comunidades,dx-ab-imagen-tratamiento
5,unc023,UNC,72,chico,no,Grupos,dx-ab-imagen-tratamiento
6,unc045,UNC,54,chico,si,Grupos,dx-ab-imagen-tratamiento
7,unc048,UNC,109,grande,no,Grupos,dx-ab-imagen-tratamiento
8,unc031,UNC,137,grande,si,Grupos,dx-ab-imagen-control
9,unlp025,UNLP,51,chico,no,Comunidades,dx-ab-imagen-control
10,unlp001,UNLP,249,grande,no,Grupos,dx-ab-imagen-tratamiento
11,unlp011,UNLP,198,grande,si,Comunidades,dx-ab-imagen-tratamiento
12,unsam002,UNSAM,62,chico,no,Comunidades,dx-ab-imagen-control
13,unsam006,UNSAM,186,grande,no,Comunidades,dx-ab-imagen-tratamiento
14,utn023,UTN,83,chico,no,Grupos,dx-ab-imagen-control
15,utn048,UTN,71,chico,si,Grupos,dx-ab-imagen-tratamiento
16,utn026,UTN,131,grande,no,Grupos,dx-ab-imagen-control
17,utn083,UTN,379,grande,si,Grupos,dx-ab-imagen-control
18,uba014,UBA,40,chico,no,Grupos,dx-ab-imagen-tratamiento
19,uba207,UBA,68,chico,si,Comunidades,dx-ab-imagen-tratamiento
20,uba262,UBA,181,grande,no,Comunidades,dx-ab-imagen-control
21,uba254,UBA,335,grande,si,Comunidades,dx-ab-imagen-control
22,unc057,UNC,44,chico,no,Grupos,dx-ab-imagen-control
23,unc086,UNC,51,chico,si,Grupos,dx-ab-imagen-control
24,unc001,UNC,161,grande,si,Grupos,dx-ab-imagen-tratamiento
25,unlp047,UNLP,93,chico,no,Comunidades,dx-ab-imagen-tratamiento
26,unlp032,UNLP,129,grande,no,Comunidades,dx-ab-imagen-control
27,unlp008,UNLP,144,grande,si,Comunidades,dx-ab-imagen-control
28,unsam003,UNSAM,74,chico,no,Comunidades,dx-ab-imagen-tratamiento
29,unsam009,UNSAM,163,grande,no,Comunidades,dx-ab-imagen-control
30,utn086,UTN,319,grande,no,Grupos,dx-ab-imagen-tratamiento
31,utn076,UTN,472,grande,si,Grupos,dx-ab-imagen-tratamiento
32,uba027,UBA,44,chico,no,Grupos,dx-ab-imagen-control
33,uba002,UBA,63,chico,si,Grupos,dx-ab-imagen-control
34,uba227,UBA,807,grande,no,Grupos,dx-ab-imagen-tratamiento
35,uba109,UBA,112,grande,si,Grupos,dx-ab-imagen-tratamiento
36,unc049,UNC,96,chico,no,Grupos,dx-ab-imagen-tratamiento
37,unc047,UNC,60,chico,si,Grupos,dx-ab-imagen-tratamiento
38,unc072,UNC,130,grande,si,Grupos,dx-ab-imagen-control
39,unlp028,UNLP,56,chico,no,Comunidades,dx-ab-imagen-control
40,unlp035,UNLP,173,grande,no,Comunidades,dx-ab-imagen-tratamiento
41,unlp009,UNLP,233,grande,si,Comunidades,dx-ab-imagen-tratamiento
42,unsam007,UNSAM,73,chico,no,Comunidades,dx-ab-imagen-control
43,unsam001,UNSAM,126,grande,no,Comunidades,dx-ab-imagen-tratamiento
44,utn043,UTN,304,grande,no,Grupos,dx-ab-imagen-control
45,utn078,UTN,800,grande,si,Grupos,dx-ab-imagen-control
46,uba236,UBA,90,chico,no,Comunidades,dx-ab-imagen-tratamiento
47,uba031,UBA,67,chico,si,Grupos,dx-ab-imagen-tratamiento
48,uba258,UBA,164,grande,no,Comunidades,dx-ab-imagen-control
49,uba194,UBA,782,grande,si,Grupos,dx-ab-imagen-control
50,unc053,UNC,65,chico,no,Grupos,dx-ab-imagen-control
51,unc044,UNC,41,chico,si,Grupos,dx-ab-imagen-control
52,unc037,UNC,118,grande,si,Grupos,dx-ab-imagen-tratamiento
53,unlp006,UNLP,79,chico,no,Grupos,dx-ab-imagen-tratamiento
54,unlp005,UNLP,196,grande,no,Grupos,dx-ab-imagen-control
55,unlp010,UNLP,202,grande,si,Comunidades,dx-ab-imagen-control
56,unsam010,UNSAM,106,grande,no,Comunidades,dx-ab-imagen-control
57,utn010,UTN,310,grande,no,Grupos,dx-ab-imagen-tratamiento
58,utn057,UTN,561,grande,si,Grupos,dx-ab-imagen-tratamiento
59,uba183,UBA,65,chico,no,Grupos,dx-ab-imagen-control
60,uba225,UBA,83,chico,si,Comunidades,dx-ab-imagen-control
61,uba203,UBA,289,grande,no,Comunidades,dx-ab-imagen-tratamiento
62,uba199,UBA,750,grande,si,Grupos,dx-ab-imagen-tratamiento
63,unc056,UNC,75,chico,no,Grupos,dx-ab-imagen-tratamiento
64,unc016,UNC,70,chico,si,Grupos,dx-ab-imagen-tratamiento
65,unc075,UNC,163,grande,si,Grupos,dx-ab-imagen-control
66,unlp029,UNLP,75,chico,no,Comunidades,dx-ab-imagen-control
67,unlp004,UNLP,416,grande,no,Grupos,dx-ab-imagen-tratamiento
68,unlp016,UNLP,164,grande,si,Comunidades,dx-ab-imagen-tratamiento
69,unsam004,UNSAM,146,grande,no,Comunidades,dx-ab-imagen-tratamiento
70,utn082,UTN,314,grande,no,Grupos,dx-ab-imagen-control
71,utn065,UTN,642,grande,si,Grupos,dx-ab-imagen-control
72,uba206,UBA,64,chico,no,Comunidades,dx-ab-imagen-tratamiento
73,uba008,UBA,54,chico,si,Grupos,dx-ab-imagen-tratamiento
74,uba197,UBA,179,grande,no,Grupos,dx-ab-imagen-control
75,uba148,UBA,123,grande,si,Grupos,dx-ab-imagen-control
76,unc058,UNC,72,chico,no,Grupos,dx-ab-imagen-control
77,unc010,UNC,78,chico,si,Grupos,dx-ab-imagen-control
78,unc074,UNC,119,grande,si,Grupos,dx-ab-imagen-tratamiento
79,unlp048,UNLP,74,chico,no,Comunidades,dx-ab-imagen-tratamiento
80,unlp034,UNLP,199,grande,no,Comunidades,dx-ab-imagen-control
81,unlp020,UNLP,163,grande,si,Comunidades,dx-ab-imagen-control
82,utn089,UTN,437,grande,no,Grupos,dx-ab-imagen-tratamiento
83,utn002,UTN,311,grande,si,Comunidades,dx-ab-imagen-tratamiento
84,uba237,UBA,56,chico,no,Comunidades,dx-ab-imagen-control
85,uba044,UBA,58,chico,si,Grupos,dx-ab-imagen-control
86,uba228,UBA,445,grande,no,Grupos,dx-ab-imagen-tratamiento
87,uba034,UBA,113,grande,si,Grupos,dx-ab-imagen-tratamiento
88,unc054,UNC,72,chico,no,Grupos,dx-ab-imagen-tratamiento
89,unc030,UNC,41,chico,si,Grupos,dx-ab-imagen-tratamiento
90,unc067,UNC,214,grande,si,Grupos,dx-ab-imagen-control
91,unlp030,UNLP,86,chico,no,Comunidades,dx-ab-imagen-control
92,unlp031,UNLP,177,grande,no,Comunidades,dx-ab-imagen-tratamiento
93,unlp017,UNLP,142,grande,si,Comunidades,dx-ab-imagen-tratamiento
94,utn012,UTN,290,grande,no,Grupos,dx-ab-imagen-control
95,utn022,UTN,296,grande,si,Grupos,dx-ab-imagen-control
96,uba053,UBA,56,chico,no,Grupos,dx-ab-imagen-tratamiento
97,uba035,UBA,57,chico,si,Grupos,dx-ab-imagen-tratamiento
98,uba029,UBA,609,grande,no,Comunidades,dx-ab-imagen-control
99,uba198,UBA,721,grande,si,Grupos,dx-ab-imagen-control
100,unc060,UNC,78,chico,no,Grupos,dx-ab-imagen-control
101,unc015,UNC,44,chico,si,Grupos,dx-ab-imagen-control
102,unc069,UNC,147,grande,si,Grupos,dx-ab-imagen-tratamiento
103,unlp041,UNLP,96,chico,no,Comunidades,dx-ab-imagen-tratamiento
104,unlp033,UNLP,125,grande,no,Comunidades,dx-ab-imagen-control
105,unlp007,UNLP,175,grande,si,Comunidades,dx-ab-imagen-control
106,utn019,UTN,284,grande,no,Grupos,dx-ab-imagen-tratamiento
107,utn047,UTN,210,grande,si,Comunidades,dx-ab-imagen-tratamiento
108,uba226,UBA,88,chico,no,Comunidades,dx-ab-imagen-control
109,uba042,UBA,64,chico,si,Grupos,dx-ab-imagen-control
110,uba235,UBA,121,grande,no,Comunidades,dx-ab-imagen-tratamiento
111,uba202,UBA,400,grande,si,Comunidades,dx-ab-imagen-tratamiento
112,unc051,UNC,91,chico,no,Grupos,dx-ab-imagen-tratamiento
113,unc007,UNC,84,chico,si,Grupos,dx-ab-imagen-tratamiento
114,unc038,UNC,136,grande,si,Grupos,dx-ab-imagen-control
115,unlp042,UNLP,96,chico,no,Comunidades,dx-ab-imagen-control
116,unlp018,UNLP,180,grande,no,Comunidades,dx-ab-imagen-tratamiento
117,unlp021,UNLP,146,grande,si,Comunidades,dx-ab-imagen-tratamiento
118,utn029,UTN,337,grande,no,Grupos,dx-ab-imagen-control
119,utn040,UTN,414,grande,si,Grupos,dx-ab-imagen-control
120,uba179,UBA,75,chico,no,Grupos,dx-ab-imagen-tratamiento
121,uba152,UBA,44,chico,si,Grupos,dx-ab-imagen-tratamiento
122,uba204,UBA,369,grande,no,Comunidades,dx-ab-imagen-control
123,uba122,UBA,375,grande,si,Comunidades,dx-ab-imagen-control
124,unc059,UNC,58,chico,no,Grupos,dx-ab-imagen-control
125,unc002,UNC,89,chico,si,Grupos,dx-ab-imagen-control
126,unc064,UNC,142,grande,si,Grupos,dx-ab-imagen-tratamiento
127,unlp026,UNLP,53,chico,no,Comunidades,dx-ab-imagen-tratamiento
128,unlp037,UNLP,185,grande,no,Comunidades,dx-ab-imagen-control
129,utn087,UTN,462,grande,no,Grupos,dx-ab-imagen-tratamiento
130,utn041,UTN,428,grande,si,Grupos,dx-ab-imagen-tratamiento
131,uba011,UBA,47,chico,no,Grupos,dx-ab-imagen-control
132,uba191,UBA,63,chico,si,Grupos,dx-ab-imagen-control
133,uba256,UBA,211,grande,no,Comunidades,dx-ab-imagen-tratamiento
134,uba195,UBA,793,grande,si,Grupos,dx-ab-imagen-tratamiento
135,unc050,UNC,103,chico,no,Grupos,dx-ab-imagen-tratamiento
136,unc029,UNC,64,chico,si,Grupos,dx-ab-imagen-tratamiento
137,unlp024,UNLP,66,chico,no,Comunidades,dx-ab-imagen-control
138,unlp036,UNLP,172,grande,no,Comunidades,dx-ab-imagen-tratamiento
139,utn018,UTN,296,grande,no,Grupos,dx-ab-imagen-control
140,utn075,UTN,554,grande,si,Grupos,dx-ab-imagen-control
141,uba290,UBA,81,chico,no,Comunidades,dx-ab-imagen-tratamiento
142,uba016,UBA,57,chico,si,Grupos,dx-ab-imagen-tratamiento
143,uba221,UBA,185,grande,no,Comunidades,dx-ab-imagen-control
144,uba224,UBA,502,grande,si,Comunidades,dx-ab-imagen-control
145,unc055,UNC,74,chico,no,Grupos,dx-ab-imagen-control
146,unc003,UNC,91,chico,si,Grupos,dx-ab-imagen-control
147,unlp049,UNLP,67,chico,no,Comunidades,dx-ab-imagen-tratamiento
148,unlp039,UNLP,147,grande,no,Comunidades,dx-ab-imagen-control
149,utn020,UTN,290,grande,no,Grupos,dx-ab-imagen-tratamiento
150,utn024,UTN,365,grande,si,Grupos,dx-ab-imagen-tratamiento
151,uba010,UBA,47,chico,no,Grupos,dx-ab-imagen-control
152,uba001,UBA,59,chico,si,Grupos,dx-ab-imagen-control
153,uba285,UBA,117,grande,no,Comunidades,dx-ab-imagen-tratamiento
154,uba208,UBA,106,grande,si,Comunidades,dx-ab-imagen-tratamiento
155,unc009,UNC,72,chico,si,Grupos,dx-ab-imagen-tratamiento
156,unlp044,UNLP,85,chico,no,Comunidades,dx-ab-imagen-control
157,unlp002,UNLP,460,grande,no,Grupos,dx-ab-imagen-tratamiento
158,utn007,UTN,220,grande,no,Grupos,dx-ab-imagen-control
159,utn060,UTN,414,grande,si,Grupos,dx-ab-imagen-control
160,uba128,UBA,75,chico,no,Grupos,dx-ab-imagen-tratamiento
161,uba015,UBA,65,chico,si,Grupos,dx-ab-imagen-tratamiento
162,uba259,UBA,341,grande,no,Comunidades,dx-ab-imagen-control
163,uba074,UBA,108,grande,si,Grupos,dx-ab-imagen-control
164,unc046,UNC,42,chico,si,Grupos,dx-ab-imagen-control
165,unlp027,UNLP,81,chico,no,Comunidades,dx-ab-imagen-tratamiento
166,unlp019,UNLP,165,grande,no,Comunidades,dx-ab-imagen-control
167,utn034,UTN,159,grande,no,Grupos,dx-ab-imagen-tratamiento
168,utn085,UTN,479,grande,si,Grupos,dx-ab-imagen-tratamiento
169,uba048,UBA,49,chico,no,Grupos,dx-ab-imagen-control
170,uba143,UBA,45,chico,si,Grupos,dx-ab-imagen-control
171,uba211,UBA,191,grande,no,Comunidades,dx-ab-imagen-tratamiento
172,uba251,UBA,429,grande,si,Comunidades,dx-ab-imagen-tratamiento
173,unlp023,UNLP,69,chico,no,Comunidades,dx-ab-imagen-control
174,unlp038,UNLP,184,grande,no,Comunidades,dx-ab-imagen-tratamiento
175,utnba006,UTN,960,grande,no,Comunidades,dx-ab-imagen-control
176,utn049,UTN,346,grande,si,Grupos,dx-ab-imagen-control
177,uba013,UBA,45,chico,no,Grupos,dx-ab-imagen-tratamiento
178,uba184,UBA,44,chico,si,Grupos,dx-ab-imagen-tratamiento
179,uba214,UBA,391,grande,no,Comunidades,dx-ab-imagen-control
180,uba070,UBA,113,grande,si,Grupos,dx-ab-imagen-control
181,unlp040,UNLP,270,grande,no,Comunidades,dx-ab-imagen-control
182,utn011,UTN,270,grande,no,Grupos,dx-ab-imagen-tratamiento
183,utn052,UTN,298,grande,si,Grupos,dx-ab-imagen-tratamiento
184,uba050,UBA,43,chico,no,Grupos,dx-ab-imagen-control
185,uba175,UBA,41,chico,si,Grupos,dx-ab-imagen-control
186,uba205,UBA,145,grande,no,Comunidades,dx-ab-imagen-tratamiento
187,uba200,UBA,980,grande,si,Grupos,dx-ab-imagen-tratamiento
188,unlp022,UNLP,121,grande,no,Comunidades,dx-ab-imagen-tratamiento
189,utn081,UTN,543,grande,si,Grupos,dx-ab-imagen-control
190,uba282,UBA,51,chico,no,Comunidades,dx-ab-imagen-tratamiento
191,uba150,UBA,80,chico,si,Grupos,dx-ab-imagen-tratamiento
192,uba255,UBA,136,grande,no,Comunidades,dx-ab-imagen-control
193,uba253,UBA,286,grande,si,Comunidades,dx-ab-imagen-control
194,unlp003,UNLP,267,grande,no,Grupos,dx-ab-imagen-control
195,utn003,UTN,262,grande,si,Comunidades,dx-ab-imagen-tratamiento
196,uba022,UBA,42,chico,no,Grupos,dx-ab-imagen-control
197,uba077,UBA,47,chico,si,Grupos,dx-ab-imagen-control
198,uba108,UBA,834,grande,si,Comunidades,dx-ab-imagen-tratamiento
199,utn030,UTN,365,grande,si,Grupos,dx-ab-imagen-control
200,uba218,UBA,43,chico,no,Comunidades,dx-ab-imagen-tratamiento
201,uba078,UBA,101,chico,si,Grupos,dx-ab-imagen-tratamiento
202,uba222,UBA,384,grande,si,Comunidades,dx-ab-imagen-control
203,utn008,UTN,418,grande,si,Grupos,dx-ab-imagen-tratamiento
204,uba167,UBA,61,chico,no,Grupos,dx-ab-imagen-control
205,uba139,UBA,50,chico,si,Grupos,dx-ab-imagen-control
206,uba149,UBA,124,grande,si,Grupos,dx-ab-imagen-tratamiento
207,utn028,UTN,411,grande,si,Grupos,dx-ab-imagen-control
208,uba187,UBA,42,chico,no,Grupos,dx-ab-imagen-tratamiento
209,uba030,UBA,81,chico,si,Grupos,dx-ab-imagen-tratamiento
210,uba252,UBA,129,grande,si,Comunidades,dx-ab-imagen-control
211,utn044,UTN,435,grande,si,Grupos,dx-ab-imagen-tratamiento
212,uba257,UBA,74,chico,no,Comunidades,dx-ab-imagen-control
213,uba134,UBA,68,chico,si,Grupos,dx-ab-imagen-control
214,uba212,UBA,743,grande,si,Comunidades,dx-ab-imagen-tratamiento
215,utn053,UTN,173,grande,si,Grupos,dx-ab-imagen-control
216,uba181,UBA,62,chico,no,Grupos,dx-ab-imagen-tratamiento
217,uba006,UBA,61,chico,si,Grupos,dx-ab-imagen-tratamiento
218,uba114,UBA,136,grande,si,Grupos,dx-ab-imagen-control
219,utn054,UTN,190,grande,si,Grupos,dx-ab-imagen-tratamiento
220,uba215,UBA,65,chico,si,Comunidades,dx-ab-imagen-control
221,utn021,UTN,304,grande,si,Grupos,dx-ab-imagen-control
222,uba142,UBA,82,chico,si,Grupos,dx-ab-imagen-tratamiento
223,utn055,UTN,438,grande,si,Grupos,dx-ab-imagen-tratamiento
224,uba019,UBA,55,chico,si,Grupos,dx-ab-imagen-control
225,utn051,UTN,330,grande,si,Grupos,dx-ab-imagen-control
226,uba012,UBA,57,chico,si,Grupos,dx-ab-imagen-tratamiento
227,uba164,UBA,52,chico,si,Grupos,dx-ab-imagen-control
228,uba144,UBA,62,chico,si,Grupos,dx-ab-imagen-tratamiento
229,uba076,UBA,51,chico,si,Grupos,dx-ab-imagen-control
230,uba117,UBA,52,chico,si,Grupos,dx-ab-imagen-tratamiento
231,uba003,UBA,47,chico,si,Grupos,dx-ab-imagen-control
232,uba026,UBA,48,chico,si,Grupos,dx-ab-imagen-tratamiento
233,uba213,UBA,73,chico,si,Comunidades,dx-ab-imagen-control
234,uba115,UBA,81,chico,si,Grupos,dx-ab-imagen-tratamiento
235,uba131,UBA,100,chico,si,Grupos,dx-ab-imagen-control
236,uba110,UBA,57,chico,si,Grupos,dx-ab-imagen-tratamiento
237,uba082,UBA,78,chico,si,Grupos,dx-ab-imagen-control
238,uba007,UBA,52,chico,si,Grupos,dx-ab-imagen-tratamiento
239,uba072,UBA,50,chico,si,Grupos,dx-ab-imagen-control
240,uba141,UBA,67,chico,si,Grupos,dx-ab-imagen-tratamiento
241,uba127,UBA,54,chico,si,Grupos,dx-ab-imagen-control
242,uba111,UBA,61,chico,si,Grupos,dx-ab-imagen-tratamiento
243,uba005,UBA,70,chico,si,Grupos,dx-ab-imagen-control
244,uba165,UBA,74,chico,si,Grupos,dx-ab-imagen-tratamiento
245,uba009,UBA,67,chico,si,Grupos,dx-ab-imagen-control
246,uba118,UBA,68,chico,si,Grupos,dx-ab-imagen-tratamiento
247,uba138,UBA,41,chico,si,Grupos,dx-ab-imagen-control
248,uba071,UBA,66,chico,si,Grupos,dx-ab-imagen-tratamiento
249,uba137,UBA,49,chico,si,Grupos,dx-ab-imagen-control
250,uba129,UBA,68,chico,si,Grupos,dx-ab-imagen-tratamiento
251,uba113,UBA,54,chico,si,Grupos,dx-ab-imagen-control
252,uba080,UBA,49,chico,si,Grupos,dx-ab-imagen-tratamiento
253,uba112,UBA,64,chico,si,Grupos,dx-ab-imagen-control
